word,x,y,season
カイリュー(1),-38.58555,5.955889,1
サーフゴー(1),-37.26656,-8.440125,1
ガブリアス(1),19.937534,-32.286,1
セグレイブ(1),37.252968,-19.754677,1
ドドゲザン(1),8.705076,-31.226686,1
ドラパルト(1),-6.192871,21.92755,1
ヘイラッシャ(1),-25.51715,17.423311,1
サザンドラ(1),-17.306847,-10.168325,1
マスカーニャ(1),40.3478,-9.904409,1
ウルガモス(1),-16.086151,-24.645086,1
ミミッキュ(1),-29.602905,-0.41597936,1
ラウドボーン(1),-17.521933,14.1054325,1
ロトム(1),12.200507,-39.201916,1
コノヨザル(1),0.38625804,-40.346672,1
ゲンガー(1),20.478527,-0.40660837,1
キョジオーン(1),-15.904541,34.133152,1
マリルリ(1),39.803432,3.3414187,1
カバルドン(1),22.997293,23.59615,1
デカヌチャン(1),-16.79709,-2.7660654,1
ジバコイル(1),2.1834779,37.14713,1
ブラッキー(1),-0.7604902,-31.313147,1
ニンフィア(1),0.7210088,26.887215,1
アーマーガア(1),-25.37656,-19.142073,1
ドオー(1),-13.324472,22.871954,1
クエスパトラ(1),2.0262687,-24.585224,1
キラフロル(1),9.336885,29.054277,1
ハピナス(1),-29.62211,8.641384,1
トリトドン(1),-5.763486,-26.98473,1
キノガッサ(1),-25.971426,-9.906389,1
グレンアルマ(1),18.491482,-24.91073,1
クレベース(1),-7.20263,30.295395,1
オーロンゲ(1),31.600174,-4.517519,1
モロバレル(1),-33.122665,-23.57479,1
イルカマン(1),7.0980425,19.847582,1
ボーマンダ(1),19.273088,13.263626,1
ドヒドイデ(1),-37.82307,16.732466,1
ケンタロス(1),21.285688,-15.246656,1
パルシェン(1),13.429479,-2.2088034,1
パーモット(1),31.002913,6.0837765,1
ハラバリー(1),16.953085,-12.47785,1
ソウブレイズ(1),-26.055208,33.34969,1
ハッサム(1),-23.328924,-33.143562,1
バンバドロ(1),25.760307,31.488316,1
メタモン(1),-7.2092347,-5.776783,1
ノココッチ(1),31.597105,-26.108055,1
ギャラドス(1),28.629831,-14.037722,1
スコヴィラン(1),2.2117817,12.543095,1
フラージェス(1),16.02109,-1.3196003,1
ラッキー(1),-30.415768,23.975557,1
ハカドッグ(1),22.187956,-5.188545,1
シャワーズ(1),15.847788,21.397738,1
サーナイト(1),-10.539776,10.786919,1
ユキノオー(1),-8.150989,-21.896557,1
ウェーニバル(1),1.9806865,7.7943897,1
ペリッパー(1),-13.801195,-16.122425,1
ルカリオ(1),24.886423,12.228386,1
バンギラス(1),12.180431,-12.805814,1
フワライド(1),-21.213095,8.13651,1
グレイシア(1),5.5768466,12.1065,1
ミミズズ(1),-13.502612,-39.444145,1
セキタンザン(1),-2.0835085,36.26435,1
ノクタス(1),20.932104,-5.5612273,1
リキキリン(1),17.41468,1.6277647,1
コータス(1),17.098875,31.513802,1
リククラゲ(1),-13.262872,6.1169667,1
リーフィア(1),24.011522,-8.883575,1
ダグトリオ(1),-11.421527,-26.585136,1
ヤドラン(1),-1.6170521,3.8945947,1
ピカチュウ(1),-1.2971569,-19.595757,1
デデンネ(1),-13.730132,-8.139363,1
ワルビアル(1),6.4062133,-3.7865684,1
サンダース(1),38.255966,11.91643,1
オノノクス(1),-6.046989,2.003312,1
ウインディ(1),-2.987447,-15.494455,1
ブリムオン(1),26.561386,-21.463732,1
トロピウス(1),-14.57405,8.750494,1
カラミンゴ(1),24.59047,2.6324835,1
イッカネズミ(1),11.2654705,-22.207447,1
ワタッコ(1),18.211308,-20.550816,1
カジリガメ(1),16.402098,8.610835,1
ドンファン(1),27.611969,2.8527904,1
ミガルーサ(1),20.06497,-8.777338,1
アメモース(1),34.315052,4.8102317,1
イエッサン(1),-8.129713,-32.898254,1
モトトカゲ(1),14.871023,-17.871962,1
ドータクン(1),30.663773,17.181376,1
オニゴーリ(1),13.29116,12.158136,1
エーフィ(1),6.0624776,-15.513198,1
サーフゴー(2),-37.793198,-8.211251,2
カイリュー(2),-38.293816,6.3704605,2
ガブリアス(2),20.03104,-32.725914,2
ロトム(2),12.166659,-39.513,2
ドラパルト(2),-6.1709146,22.16646,2
セグレイブ(2),37.579353,-20.206945,2
マスカーニャ(2),40.47211,-9.20878,2
サザンドラ(2),-17.380606,-10.064482,2
ウルガモス(2),-15.597556,-24.79881,2
ミミッキュ(2),-28.126364,-0.21050543,2
ヘイラッシャ(2),-24.604286,17.736525,2
ドドゲザン(2),8.622796,-31.762634,2
ラウドボーン(2),-18.025717,14.035412,2
コノヨザル(2),0.8638553,-40.70669,2
キョジオーン(2),-16.101894,33.481113,2
アーマーガア(2),-25.066774,-19.91798,2
クエスパトラ(2),2.1201684,-25.054338,2
ジバコイル(2),1.9766623,37.863094,2
パーモット(2),31.394629,6.8739824,2
カバルドン(2),23.223455,22.809467,2
デカヌチャン(2),-15.676331,-3.2328925,2
ドオー(2),-13.112792,22.207571,2
ブラッキー(2),-0.8860319,-30.673374,2
ゲンガー(2),20.431522,-0.40690237,2
マリルリ(2),39.681946,2.5106642,2
バンバドロ(2),25.766846,31.486643,2
ハッサム(2),-23.4717,-32.166588,2
トリトドン(2),-5.687277,-26.849077,2
バンギラス(2),12.745582,-13.369081,2
キラフロル(2),8.756683,28.583733,2
パルシェン(2),13.138016,-2.1317656,2
ドヒドイデ(2),-38.453537,16.722672,2
ハピナス(2),-29.879023,8.498799,2
ニンフィア(2),1.1620235,27.364395,2
ミミズズ(2),-13.682639,-39.004353,2
オーロンゲ(2),31.356308,-3.8226721,2
ギャラドス(2),28.456964,-14.498007,2
キノガッサ(2),-26.75948,-9.910927,2
クレベース(2),-6.2258987,29.386581,2
モロバレル(2),-32.950832,-22.430357,2
モトトカゲ(2),14.901056,-17.892057,2
オニゴーリ(2),13.260468,12.271467,2
ケンタロス(2),21.198343,-14.85807,2
ルカリオ(2),25.42101,12.463092,2
グレンアルマ(2),18.353643,-24.970612,2
ハカドッグ(2),22.166689,-5.333343,2
イルカマン(2),6.701884,20.091389,2
オノノクス(2),-5.894606,1.666978,2
ハラバリー(2),16.947813,-12.47663,2
シャワーズ(2),16.008192,21.050549,2
フワライド(2),-21.383076,7.7974725,2
ブリムオン(2),27.14015,-21.941154,2
ストリンダー(2),-15.607823,-22.597816,2
サンダース(2),38.270405,11.874329,2
メタモン(2),-7.2192473,-5.7323494,2
ペリッパー(2),-14.069512,-16.522263,2
ラッキー(2),-29.926525,24.566319,2
ウインディ(2),-3.1243057,-16.040268,2
オドリドリ(2),-14.606708,32.63083,2
ハリテヤマ(2),-26.645348,7.561552,2
オリーヴァ(2),25.532507,24.592674,2
ノココッチ(2),31.597313,-26.106676,2
ヤドラン(2),-1.9764282,4.2559066,2
モスノウ(2),-4.119318,-1.6584213,2
ユキノオー(2),-8.123586,-21.722544,2
ヌメルゴン(2),21.765558,16.479319,2
タイカイデン(2),-5.4975643,5.2361794,2
イッカネズミ(2),11.90698,-22.791527,2
ヘラクロス(2),18.536772,-33.089344,2
ボーマンダ(2),19.241356,12.827678,2
エンニュート(2),6.5184426,18.130548,2
ソウブレイズ(2),-25.813719,33.87003,2
マニューラ(2),16.610857,29.285595,2
ハルクジラ(2),35.606396,-14.710056,2
ビビヨン(2),-7.579111,7.47681,2
ポットデス(2),20.738916,-3.391116,2
オトシドリ(2),17.991173,-3.3001318,2
フリージオ(2),2.7939107,-5.9119987,2
イエッサン(2),-8.439441,-33.27196,2
スコヴィラン(2),2.0825849,12.4246435,2
アマージョ(2),13.629482,-4.4930997,2
フラージェス(2),15.99685,-1.2783139,2
コータス(2),17.975544,31.747358,2
ゴチルゼル(2),11.778637,13.401118,2
ドータクン(2),30.243574,17.608833,2
ミガルーサ(2),20.049803,-8.718747,2
カジリガメ(2),16.399078,8.793025,2
エーフィ(2),5.739954,-15.330396,2
ウェーニバル(2),1.6807646,8.461073,2
ルガルガン(2),-23.993408,32.50287,2
ムクホーク(2),9.952489,-21.88304,2
サーナイト(2),-10.016752,10.806219,2
エクスレッグ(2),15.377205,-19.154716,2
ルチャブル(2),-20.315413,2.828245,2
ハバタクカミ(3),-27.217567,13.20211,3
セグレイブ(3),37.51117,-20.064367,3
サーフゴー(3),-37.574142,-8.238707,3
カイリュー(3),-38.63209,5.902359,3
ヘイラッシャ(3),-25.652058,18.36375,3
テツノドクガ(3),-8.179247,15.78742,3
ロトム(3),12.03188,-39.955482,3
テツノツツミ(3),5.4892974,-30.846804,3
マスカーニャ(3),40.06839,-9.705258,3
コノヨザル(3),0.22253111,-40.081245,3
ミミッキュ(3),-29.762968,-0.80306154,3
ドドゲザン(3),8.520188,-31.595757,3
カバルドン(3),22.436289,23.642485,3
ジバコイル(3),2.1938732,37.648716,3
ガブリアス(3),20.50873,-32.263165,3
クエスパトラ(3),1.7765028,-24.760838,3
トドロクツキ(3),-3.794102,-18.329338,3
アーマーガア(3),-25.8765,-19.18729,3
キョジオーン(3),-16.501368,33.59137,3
イダイナキバ(3),5.6912546,-30.841873,3
キノガッサ(3),-26.287083,-9.211006,3
ドラパルト(3),-6.2068043,21.592299,3
テツノブジン(3),11.244351,-16.596148,3
ウルガモス(3),-16.295717,-25.269016,3
ハッサム(3),-23.25223,-33.790234,3
ラウドボーン(3),-17.501747,14.169865,3
サザンドラ(3),-17.429863,-10.534009,3
イルカマン(3),7.814153,20.148745,3
ミミズズ(3),-13.688316,-39.549118,3
テツノカイナ(3),-32.250237,-10.177848,3
ドオー(3),-13.616743,21.97524,3
ブラッキー(3),-1.1027837,-31.127687,3
デカヌチャン(3),-16.723886,-2.4052126,3
モロバレル(3),-32.582905,-22.84245,3
ハピナス(3),-29.396442,9.5163965,3
スナノケガワ(3),-20.056494,19.470842,3
マリルリ(3),38.76636,2.7542856,3
ハラバリー(3),16.945713,-12.4666395,3
アラブルタケ(3),-3.5788536,13.901861,3
パーモット(3),30.963324,6.503797,3
ドヒドイデ(3),-37.72115,16.438545,3
テツノワダチ(3),-34.75462,-8.214595,3
クレベース(3),-7.565704,30.505411,3
ギャラドス(3),28.770937,-14.718407,3
ウェーニバル(3),1.9638726,8.196618,3
ニンフィア(3),1.1270145,27.168468,3
サケブシッポ(3),10.84386,19.56434,3
キラフロル(3),9.222025,28.14564,3
ユキノオー(3),-8.176381,-21.779211,3
ルカリオ(3),25.125805,12.417724,3
ラッキー(3),-30.445509,24.544262,3
ソウブレイズ(3),-26.175297,33.36223,3
リキキリン(3),17.472261,1.6452098,3
ゴチルゼル(3),18.70748,9.641637,3
コータス(3),17.447601,31.415462,3
バンバドロ(3),25.766314,31.47977,3
ゾロアーク(3),10.057804,-19.978968,3
イエッサン(3),-8.2073765,-32.800972,3
フワライド(3),-21.369066,7.9827757,3
ウインディ(3),-3.1949859,-15.603633,3
ママンボウ(3),-12.234207,-16.179659,3
オーロンゲ(3),31.980396,-4.1666746,3
ミガルーサ(3),20.07219,-8.643324,3
サーナイト(3),-10.439775,10.674905,3
ストリンダー(3),9.4599285,13.656818,3
オニゴーリ(3),13.282411,12.243495,3
サンダース(3),38.250313,12.179742,3
エクスレッグ(3),7.6086946,-14.6565895,3
ガケガニ(3),-35.330772,-11.254686,3
エルレイド(3),6.5617957,4.743513,3
ハカドッグ(3),22.164087,-5.2038064,3
ノココッチ(3),31.594288,-26.103045,3
テツノイバラ(3),-8.093397,0.08361159,3
トリトドン(3),-5.747719,-26.97825,3
ポットデス(3),-24.736567,-5.0534205,3
ベトベトン(3),-21.354515,-30.859509,3
チヲハウハネ(3),20.499102,1.5175741,3
タギングル(3),0.19600736,-8.107572,3
エーフィ(3),6.027743,-15.677045,3
テツノコウベ(3),9.672869,7.3625965,3
ゲンガー(3),20.787203,-0.38537523,3
リングマ(3),-8.870079,0.38885757,3
ハリテヤマ(3),-10.906279,-32.132935,3
ハルクジラ(3),-27.834627,-6.9287047,3
ゴーゴート(3),-22.443144,14.975133,3
バンギラス(3),12.863855,-12.327865,3
ハバタクカミ(4),-1.3766868,-39.816223,4
カイリュー(4),-38.888683,5.180456,4
サーフゴー(4),-37.01183,-7.7897778,4
セグレイブ(4),37.46419,-19.745018,4
テツノツツミ(4),-9.292676,13.9727335,4
ドドゲザン(4),9.032864,-31.630337,4
テツノドクガ(4),-18.582487,-11.320887,4
ヘイラッシャ(4),-24.962036,18.240984,4
ミミッキュ(4),-29.479002,-1.1184871,4
コノヨザル(4),0.4437571,-39.73666,4
マスカーニャ(4),39.947254,-9.744551,4
カバルドン(4),22.389595,23.745451,4
ジバコイル(4),2.02747,37.12353,4
トドロクツキ(4),-6.762471,9.329198,4
イダイナキバ(4),-2.6330073,-2.403787,4
キョジオーン(4),-15.710503,34.784737,4
アーマーガア(4),-25.775463,-19.461567,4
クエスパトラ(4),2.4739857,-24.59818,4
ロトム(4),11.895144,-39.372047,4
ガブリアス(4),19.508602,-31.843508,4
ドオー(4),-12.554092,21.88513,4
ウルガモス(4),-16.250656,-23.974981,4
ラウドボーン(4),-17.950407,14.722999,4
イルカマン(4),7.5145245,20.14049,4
ハッサム(4),-23.93258,-33.399513,4
テツノカイナ(4),-18.541208,-19.717028,4
アラブルタケ(4),13.5685,14.175911,4
ドラパルト(4),-5.236406,21.785557,4
キノガッサ(4),-25.51011,-10.100624,4
キラフロル(4),8.6903305,29.067396,4
ドヒドイデ(4),-38.162197,16.006767,4
ハピナス(4),-28.70267,8.377442,4
クレベース(4),-6.751665,30.883986,4
ウェーニバル(4),1.9131807,7.4900994,4
テツノブジン(4),-6.33734,-11.912356,4
モロバレル(4),-32.772255,-22.77943,4
ニンフィア(4),0.9416097,27.36402,4
サザンドラ(4),-17.258623,-10.912142,4
マリルリ(4),38.534763,2.073452,4
オーロンゲ(4),31.249046,-4.8761764,4
テツノコウベ(4),-32.672634,-21.036533,4
テツノワダチ(4),28.248852,16.318035,4
パーモット(4),31.505178,5.8324933,4
ギャラドス(4),28.977318,-14.67305,4
ハラバリー(4),16.941149,-12.4928255,4
ソウブレイズ(4),-25.934866,33.72252,4
デカヌチャン(4),-15.92414,-2.8273396,4
ブラッキー(4),-0.53853124,-30.824427,4
トリトドン(4),-5.7389216,-26.924337,4
コータス(4),17.81121,31.426275,4
ユキノオー(4),-8.096445,-21.98057,4
スナノケガワ(4),24.41717,24.893608,4
サケブシッポ(4),-9.33991,-18.481373,4
ゴチルゼル(4),3.706648,-38.24147,4
ママンボウ(4),4.526539,1.6576189,4
ワタッコ(4),18.237297,-20.537006,4
オリーヴァ(4),-3.1043139,-22.219645,4
ウインディ(4),-2.4611018,-15.846692,4
エルレイド(4),-3.455836,17.40396,4
エーフィ(4),5.7266893,-15.663019,4
ラッキー(4),-30.960268,24.202772,4
バンバドロ(4),25.759869,31.488329,4
ヤドキング(4),7.20788,-1.599903,4
ヤミラミ(4),17.370232,-9.17468,4
ヘラクロス(4),16.761782,1.5808746,4
ペリッパー(4),-13.333017,-15.994088,4
ゲンガー(4),20.457087,-0.43208036,4
ブリムオン(4),26.572762,-21.947565,4
ベトベトン(4),-37.387173,-11.347219,4
ブロロローム(4),11.7083845,25.414062,4
ナマズン(4),1.3522778,19.764109,4
ドンファン(4),27.623386,2.8463743,4
クレッフィ(4),23.533804,0.5894777,4
グレンアルマ(4),18.548073,-24.908445,4
ルチャブル(4),8.184768,0.49009737,4
ミミズズ(4),-13.369469,-39.498066,4
テツノイバラ(4),16.004602,-9.377801,4
パルシェン(4),13.4038105,-2.617502,4
ストリンダー(4),-23.1564,-27.469969,4
サーナイト(4),-10.42816,10.225108,4
イエッサン(4),-8.628419,-32.598537,4
カラミンゴ(4),24.52276,2.6733863,4
タギングル(4),24.913202,-0.22132486,4
ドータクン(4),30.620506,17.659452,4
イッカネズミ(4),10.904045,-22.57596,4
ポットデス(4),18.39555,-17.389862,4
バンギラス(4),12.198517,-12.218147,4
オドリドリ(4),13.65184,18.337883,4
ルカリオ(4),24.932476,12.878847,4
スコヴィラン(4),2.1904314,12.5138,4
ライチュウ(4),26.182186,-20.35788,4
カイリュー(5),-39.038017,6.5262465,5
ハバタクカミ(5),-32.688766,-25.16157,5
サーフゴー(5),-36.68001,-8.084264,5
ディンルー(5),-15.6545,12.645535,5
パオジアン(5),-11.253912,0.44596836,5
ミミッキュ(5),-28.928232,-0.81251484,5
テツノドクガ(5),0.39657298,38.085415,5
イーユイ(5),-18.323496,3.5983238,5
テツノツツミ(5),-30.107935,-21.730587,5
ヘイラッシャ(5),-26.195665,17.649588,5
ロトム(5),12.626378,-39.145226,5
コノヨザル(5),-0.2676453,-40.06485,5
キョジオーン(5),-15.5296955,34.50089,5
ハッサム(5),-22.991772,-33.55496,5
チオンジェン(5),18.312098,-31.577301,5
イダイナキバ(5),37.32644,-1.0208789,5
セグレイブ(5),37.456863,-19.658125,5
ガブリアス(5),20.238739,-32.09465,5
キノガッサ(5),-25.71537,-10.274256,5
テツノカイナ(5),-18.338879,3.5993762,5
ドオー(5),-13.301988,21.827337,5
キラフロル(5),8.491678,28.540142,5
マリルリ(5),39.781284,2.6285634,5
ウルガモス(5),-16.790203,-24.22658,5
トドロクツキ(5),-14.162463,-10.461996,5
カバルドン(5),23.270105,23.129343,5
ドドゲザン(5),8.926573,-30.370974,5
モロバレル(5),-33.072853,-23.722443,5
ドヒドイデ(5),-38.506798,15.783353,5
アーマーガア(5),-25.260738,-19.539612,5
クレベース(5),-7.528295,30.933035,5
ウインディ(5),-3.0306585,-15.831634,5
ラッキー(5),-31.089306,23.400805,5
マスカーニャ(5),39.495567,-9.8647175,5
サーナイト(5),-10.287712,10.982702,5
ハピナス(5),-29.66577,8.1325655,5
ドラパルト(5),-5.398454,21.682398,5
ジバコイル(5),1.4950126,37.421383,5
イルカマン(5),7.3282895,19.354424,5
ルカリオ(5),24.55392,12.601117,5
ニンフィア(5),0.94663644,27.518417,5
サザンドラ(5),-16.97345,-10.483565,5
テツノワダチ(5),10.03292,-19.90914,5
パルシェン(5),13.460507,-2.2011964,5
クエスパトラ(5),2.2083552,-24.757387,5
ラウドボーン(5),-16.828337,14.968875,5
ウェーニバル(5),1.7886952,7.824818,5
エルレイド(5),7.575896,-1.9525516,5
テツノブジン(5),-7.1456413,-30.707539,5
ゲンガー(5),20.4708,-0.41112658,5
パーモット(5),31.564535,6.24716,5
ユキノオー(5),-8.398582,-22.228071,5
スナノケガワ(5),-34.76152,-2.4806995,5
デカヌチャン(5),-16.282967,-2.2630537,5
バンギラス(5),11.889436,-12.773507,5
コータス(5),17.153526,31.6862,5
オリーヴァ(5),-17.777159,5.9783664,5
ケンタロス(5),21.005302,-15.428083,5
ゴチルゼル(5),-9.256449,-8.004117,5
スコヴィラン(5),2.1874979,12.565762,5
ハルクジラ(5),20.772606,-7.658842,5
ハリテヤマ(5),15.082544,20.120558,5
モトトカゲ(5),14.817904,-17.702333,5
シビルドン(5),11.44402,2.3006995,5
ワタッコ(5),18.233625,-20.474617,5
オーロンゲ(5),31.277578,-5.1616454,5
ムウマージ(5),2.428469,-17.453508,5
サダイジャ(5),3.1030858,-2.891094,5
ルガルガン(5),-34.335537,-7.0125847,5
フラージェス(5),16.041988,-1.2881546,5
テツノコウベ(5),14.937594,1.3972955,5
リククラゲ(5),-13.337587,6.046778,5
ビビヨン(5),-10.51678,-3.3116639,5
ミミズズ(5),-13.154723,-39.535053,5
サケブシッポ(5),12.300701,-7.4789724,5
アラブルタケ(5),24.240627,17.052837,5
ソウブレイズ(5),-25.49549,33.8657,5
タルップル(5),11.006708,2.7856226,5
ギャラドス(5),29.066412,-14.379914,5
イシヘンジン(5),6.2665606,-1.9586868,5
ハバタクカミ(6),-13.919045,20.289574,6
カイリュー(6),-39.006676,5.3084936,6
パオジアン(6),38.21792,13.078517,6
サーフゴー(6),-36.408592,-8.347008,6
イーユイ(6),-1.0054181,9.755697,6
ディンルー(6),38.992138,5.2295275,6
テツノツツミ(6),0.5660118,8.024301,6
ミミッキュ(6),-28.591719,-0.678725,6
ヘイラッシャ(6),-24.838266,17.865318,6
ロトム(6),12.304819,-38.917995,6
テツノドクガ(6),-0.8607136,0.45994806,6
テツノカイナ(6),-14.523734,6.9647965,6
キョジオーン(6),-16.03888,34.47542,6
ハッサム(6),-22.945574,-33.103016,6
ガブリアス(6),20.424206,-31.793251,6
セグレイブ(6),37.358162,-19.30625,6
イダイナキバ(6),3.1735082,0.53382754,6
キノガッサ(6),-26.21792,-9.618525,6
モロバレル(6),-32.90399,-23.858238,6
チオンジェン(6),-27.444916,-0.45535785,6
ドヒドイデ(6),-38.072186,16.979248,6
カバルドン(6),23.832745,23.297691,6
アーマーガア(6),-24.559998,-18.994936,6
マスカーニャ(6),40.353115,-10.107493,6
ウルガモス(6),-16.440567,-24.565773,6
コノヨザル(6),1.1224263,-40.031673,6
イルカマン(6),7.645077,19.590363,6
キラフロル(6),9.546112,28.385935,6
ドオー(6),-12.656394,23.027857,6
ジバコイル(6),2.2394395,37.089127,6
マリルリ(6),39.623077,2.7759964,6
ドドゲザン(6),9.672093,-30.773272,6
ドラパルト(6),-5.4928775,21.25941,6
ラッキー(6),-30.300629,24.624414,6
クレベース(6),-6.8439937,29.780474,6
ウインディ(6),-2.8135462,-15.169999,6
ハピナス(6),-29.395145,8.015392,6
ウェーニバル(6),2.0015414,7.896366,6
デカヌチャン(6),-15.744462,-2.6239436,6
アラブルタケ(6),25.060808,-4.743183,6
テツノブジン(6),16.755836,-20.869879,6
クエスパトラ(6),1.376028,-24.296242,6
ヤドキング(6),16.487646,-1.9084219,6
ニンフィア(6),0.86520565,27.333162,6
トドロクツキ(6),5.976551,6.6224637,6
ルカリオ(6),24.82088,12.206376,6
スナノケガワ(6),9.729494,26.35008,6
ゴチルゼル(6),2.5700252,2.5804245,6
ケンタロス(6),21.160336,-15.620579,6
バンギラス(6),12.728436,-12.618903,6
ソウブレイズ(6),-25.7577,33.322258,6
リククラゲ(6),-13.396345,6.0881634,6
オリーヴァ(6),28.694405,18.079285,6
エーフィ(6),6.4697466,-15.315227,6
テツノワダチ(6),18.149658,3.6883645,6
ミミズズ(6),-13.418325,-39.30314,6
パーモット(6),31.289661,6.30889,6
オーロンゲ(6),30.793764,-4.4550424,6
ギャラドス(6),28.769188,-13.90945,6
ドンファン(6),27.665264,2.835487,6
ベトベトン(6),23.124058,-12.67305,6
エクスレッグ(6),12.147728,-10.990546,6
フォレトス(6),4.412195,6.0331607,6
アノホラグサ(6),1.507256,15.912594,6
クレッフィ(6),8.894388,-10.454487,6
エルレイド(6),19.185282,24.93746,6
ラウドボーン(6),-16.991379,14.960827,6
パルシェン(6),13.485613,-2.2769117,6
サンダース(6),38.273155,11.990722,6
イッカネズミ(6),11.349078,-22.2383,6
ゲンガー(6),20.509722,-0.37889346,6
ゴーゴート(6),-11.999969,-1.185481,6
テツノコウベ(6),4.4426265,-3.2095923,6
チャーレム(6),6.749065,-6.323685,6
ポットデス(6),11.6087265,-9.714907,6
サーナイト(6),-10.662178,10.450514,6
メタモン(6),-7.0358596,-5.8355393,6
オドリドリ(6),13.459402,4.455851,6
コータス(6),17.510448,31.319672,6
ヤドラン(6),-1.6522136,3.613139,6
ブラッキー(6),-1.2846214,-31.339863,6
ユキノオー(6),-8.430935,-21.76884,6
カイリュー(7),-37.757378,5.293145,7
ハバタクカミ(7),-10.949541,-11.824909,7
パオジアン(7),-13.3589325,-8.251146,7
イーユイ(7),22.871204,-9.080626,7
サーフゴー(7),-36.205765,-8.070691,7
ディンルー(7),11.038167,-5.9856114,7
ミミッキュ(7),-28.501972,-0.30857408,7
テツノツツミ(7),0.4646557,-38.70133,7
ロトム(7),11.61618,-38.635185,7
ヘイラッシャ(7),-24.43542,18.178646,7
テツノドクガ(7),21.240646,13.070498,7
キノガッサ(7),-25.149014,-9.540009,7
キョジオーン(7),-15.374221,33.95147,7
チオンジェン(7),-10.807088,6.0788445,7
カバルドン(7),22.781147,23.044865,7
ドヒドイデ(7),-38.35447,17.342802,7
テツノカイナ(7),-8.206429,-4.974073,7
セグレイブ(7),37.359943,-19.42763,7
ハッサム(7),-22.966995,-33.62027,7
コノヨザル(7),0.9186968,-39.88472,7
イダイナキバ(7),21.162634,5.204504,7
ガブリアス(7),19.924023,-31.126816,7
マスカーニャ(7),39.55266,-10.395163,7
ウルガモス(7),-15.878693,-24.232868,7
ジバコイル(7),2.1718888,36.889038,7
トドロクツキ(7),14.654631,-3.4034853,7
キラフロル(7),8.90682,28.722816,7
アーマーガア(7),-24.569702,-19.050297,7
イルカマン(7),7.1315527,19.673817,7
ドオー(7),-12.249212,22.630867,7
ラッキー(7),-29.925316,23.741518,7
モロバレル(7),-33.569965,-22.609234,7
ソウブレイズ(7),-26.128176,32.983715,7
ミミズズ(7),-13.403327,-39.53501,7
テツノワダチ(7),-16.418756,3.196941,7
デカヌチャン(7),-16.120062,-2.6027842,7
ドラパルト(7),-5.340607,21.129284,7
クレベース(7),-7.379319,29.883635,7
ポットデス(7),-1.6016033,-9.682603,7
マリルリ(7),38.65051,2.8993583,7
ニンフィア(7),0.57346314,27.459328,7
ドドゲザン(7),9.5045185,-30.53096,7
イッカネズミ(7),11.577877,-22.347054,7
ボーマンダ(7),19.298296,13.337897,7
ブリムオン(7),26.937464,-21.381554,7
フワライド(7),-21.49951,8.080881,7
エルレイド(7),1.4071249,-11.951084,7
ウェーニバル(7),2.3069851,7.7088447,7
ゴチルゼル(7),14.421936,-6.9569263,7
クエスパトラ(7),1.9902681,-23.823946,7
オノノクス(7),-5.986128,1.8305408,7
テツノブジン(7),-21.832676,-8.843068,7
ウインディ(7),-3.1381876,-15.340198,7
ゲンガー(7),20.528517,-0.38501257,7
スコヴィラン(7),2.1784945,12.543374,7
ギャラドス(7),28.860525,-14.189811,7
フォレトス(7),29.710257,19.791624,7
ハピナス(7),-29.34883,7.7789288,7
ママンボウ(7),23.522655,25.912619,7
ハリーセン(7),-5.7875357,7.0407114,7
リククラゲ(7),-13.374622,6.0314393,7
サーナイト(7),-10.718907,10.687281,7
クレッフィ(7),7.686212,8.461089,7
コータス(7),17.358807,31.227093,7
トリトドン(7),-5.713786,-26.93808,7
オニゴーリ(7),13.30554,12.281071,7
パルシェン(7),13.425123,-2.324682,7
テツノコウベ(7),-0.34424078,2.7834525,7
デデンネ(7),-13.796447,-8.127981,7
ピカチュウ(7),-1.2817571,-19.582556,7
オドリドリ(7),0.21029963,-12.650782,7
スナノケガワ(7),9.022067,14.331221,7
ビビヨン(7),-6.1433845,12.504566,7
ストリンダー(7),6.0210543,-9.924262,7
カラミンゴ(7),24.65,2.7341928,7
シャワーズ(7),15.857556,21.36211,7
ブラッキー(7),-1.355461,-31.743023,7
ケンタロス(7),20.718227,-14.932144,7
アラブルタケ(7),12.317357,-1.3607723,7
バンギラス(7),12.732951,-12.463621,7
カイリュー(8),-38.75055,6.272385,8
ハバタクカミ(8),-30.54282,13.828459,8
ウーラオス(8),-16.514725,29.040325,8
サーフゴー(8),-36.837124,-8.228443,8
パオジアン(8),-15.339616,22.335766,8
テツノツツミ(8),9.149915,-18.427794,8
ミミッキュ(8),-29.356764,0.074380584,8
ディンルー(8),13.525783,-39.576607,8
ガチグマ(8),-6.7009263,20.700155,8
イーユイ(8),0.525482,-1.438338,8
ヒードラン(8),-11.954733,-18.625736,8
ガブリアス(8),20.386587,-31.520739,8
ヘイラッシャ(8),-25.107845,18.358791,8
ランドロス(8),2.7983115,-15.582771,8
ハッサム(8),-23.255394,-32.678963,8
コノヨザル(8),0.30946186,-40.85876,8
ドヒドイデ(8),-38.138325,16.525938,8
イダイトウ(8),25.101515,-12.511784,8
キノガッサ(8),-25.923037,-10.295432,8
ロトム(8),12.339811,-38.660923,8
オオニューラ(8),-16.513657,18.994726,8
ヌメルゴン(8),1.4913806,23.41328,8
セグレイブ(8),37.27628,-19.26621,8
モロバレル(8),-33.115158,-22.843313,8
ボルトロス(8),-6.125818,-13.131555,8
ゴリランダー(8),0.44259,-8.1904745,8
クレセリア(8),20.33997,-11.971721,8
ドラパルト(8),-5.9156346,21.579958,8
ドドゲザン(8),9.308664,-31.257135,8
キョジオーン(8),-16.198132,34.211872,8
テツノカイナ(8),-1.4391397,-3.4726834,8
サンダー(8),29.653212,5.439566,8
ラッキー(8),-30.803461,23.064398,8
ウルガモス(8),-16.567076,-24.225372,8
テツノブジン(8),-17.479006,-7.669414,8
カバルドン(8),23.324402,23.178923,8
レジエレキ(8),2.81486,-6.3798833,8
ドオー(8),-13.625378,22.5501,8
マリルリ(8),38.68408,2.2980478,8
クエスパトラ(8),1.5088009,-24.245605,8
テツノドクガ(8),-3.813949,14.07512,8
ウインディ(8),-3.4416988,-15.329035,8
ゴチルゼル(8),-9.580311,-13.311053,8
ミミズズ(8),-13.691262,-39.660934,8
トドロクツキ(8),-0.936434,26.642101,8
サザンドラ(8),-17.112732,-10.485815,8
チオンジェン(8),12.531072,22.410694,8
ヤドキング(8),-27.576408,-2.166267,8
ペリッパー(8),-14.016667,-16.46923,8
ジバコイル(8),2.8059523,36.96283,8
デカヌチャン(8),-16.506258,-3.0965605,8
ハリーマン(8),21.194263,-30.387733,8
キラフロル(8),8.957677,29.158724,8
アーマーガア(8),-24.447721,-19.177355,8
バサギリ(8),10.98319,2.9466484,8
ケンタロス(8),21.450966,-15.353436,8
ゾロアーク(8),9.97369,22.95348,8
スナノケガワ(8),-5.4250607,5.0829105,8
マスカーニャ(8),39.96791,-9.904137,8
フワライド(8),-21.378569,7.8649435,8
コータス(8),17.458666,32.1683,8
ブリザポス(8),1.7282152,34.044083,8
バンギラス(8),12.369074,-12.164941,8
ルカリオ(8),25.236053,11.793028,8
オーロンゲ(8),30.777748,-4.796119,8
ニンフィア(8),0.9328048,27.233984,8
モスノウ(8),-3.0486946,-8.060976,8
ハピナス(8),-28.640886,8.088563,8
ギャラドス(8),28.943378,-13.789894,8
パルシェン(8),13.268701,-2.3198547,8
ラウドボーン(8),-16.97122,14.89178,8
ハカドッグ(8),22.186317,-5.163263,8
ヤドラン(8),-1.2881622,4.2045403,8
ドンファン(8),27.642406,2.8401823,8
イエッサン(8),-8.575979,-32.6673,8
エーフィ(8),5.9675803,-15.512444,8
ピカチュウ(8),-1.2460257,-19.672567,8
バクフーン(8),1.0991166,-9.289118,8
イダイナキバ(8),1.4555672,12.168059,8
ゲッコウガ(8),6.139308,-7.96831,8
クレッフィ(8),6.533992,-1.7911572,8
ママンボウ(8),-3.2568176,4.6844783,8
ベトベトン(8),-1.5883332,2.6290956,8
ジュナイパー(8),-3.7519686,-12.967965,8
ブロロローム(8),-12.620497,33.688957,8
レイスポス(8),19.98814,-13.850115,8
フォレトス(8),-1.2201222,14.342627,8
ドレディア(8),1.3243341,-6.715828,8
エムリット(8),-2.4438303,9.677573,8
グレイシア(8),5.632896,12.018222,8
サケブシッポ(8),-28.506557,6.672836,8
クレベース(8),-6.565286,29.84784,8
ファイヤー(8),19.437588,11.713346,8
ポットデス(8),-0.05978397,1.0974576,8
イッカネズミ(8),11.031141,-21.90153,8
リククラゲ(8),-13.221557,6.1133757,8
ヤミラミ(8),6.8841076,-29.174631,8
ラブトロス(8),8.826939,-8.39978,8
サンダース(8),38.256325,11.894615,8
フリーザー(8),6.024979,1.9869695,8
ハバタクカミ(9),-28.370127,16.666988,9
カイリュー(9),-38.251812,5.85548,9
ウーラオス(9),-21.114296,-0.7675698,9
パオジアン(9),0.9819984,-9.706328,9
サーフゴー(9),-36.480938,-7.9953175,9
イーユイ(9),-14.0305605,-28.128887,9
ディンルー(9),-23.366182,2.3461435,9
ランドロス(9),10.35138,-36.762764,9
ミミッキュ(9),-29.065672,-0.49821147,9
ヘイラッシャ(9),-25.61491,17.787994,9
テツノツツミ(9),4.727515,11.156336,9
イダイトウ(9),-19.621302,-18.757305,9
ドヒドイデ(9),-37.87699,16.366909,9
ガブリアス(9),20.24953,-31.821043,9
ハッサム(9),-22.961391,-33.74996,9
ヒードラン(9),-0.5825339,-4.5968704,9
キノガッサ(9),-25.661257,-10.283553,9
ガチグマ(9),-7.5506997,-10.338249,9
ジバコイル(9),2.0573025,37.584946,9
ロトム(9),11.982678,-38.33248,9
モロバレル(9),-32.75867,-22.35633,9
カバルドン(9),23.853848,23.206583,9
コノヨザル(9),0.6001065,-40.568737,9
チオンジェン(9),-3.156071,8.076924,9
ドラパルト(9),-5.560583,21.317291,9
ドオー(9),-12.929252,22.303507,9
ヌメルゴン(9),-4.073223,17.103338,9
サンダー(9),-27.949486,1.6412685,9
キョジオーン(9),-15.351529,33.910534,9
ラッキー(9),-30.659754,23.654127,9
ウルガモス(9),-15.838714,-24.948822,9
ドドゲザン(9),9.178878,-30.910294,9
アーマーガア(9),-25.176435,-19.069195,9
オオニューラ(9),11.221422,-5.79661,9
ゴリランダー(9),-2.1779745,-6.00348,9
テツノカイナ(9),-27.528824,7.596522,9
ペリッパー(9),-13.944359,-15.939926,9
テツノブジン(9),-23.47669,2.4260185,9
クエスパトラ(9),2.071966,-23.608906,9
ボルトロス(9),-3.161354,-5.72452,9
ハピナス(9),-29.191685,8.548142,9
セグレイブ(9),37.06374,-19.45455,9
フワライド(9),-21.23873,8.0296,9
ゴチルゼル(9),-20.220682,-17.10432,9
キラフロル(9),9.496439,29.261892,9
レジエレキ(9),-3.126796,12.535584,9
クレベース(9),-6.449394,30.115454,9
テツノドクガ(9),-5.001663,-8.118318,9
サザンドラ(9),-17.337708,-10.448384,9
デカヌチャン(9),-16.250269,-2.8367198,9
ミミズズ(9),-13.793655,-39.515934,9
マスカーニャ(9),39.801643,-10.544046,9
スナノケガワ(9),8.778649,11.1383705,9
マリルリ(9),39.453804,2.2543976,9
マルマイン(9),-24.711422,-5.2488527,9
アラブルタケ(9),16.09984,-24.751581,9
パーモット(9),31.235643,6.0759144,9
トドロクツキ(9),7.154003,16.131994,9
エースバーン(9),-14.625175,13.466362,9
クレセリア(9),14.464992,32.762794,9
テツノワダチ(9),3.8588905,-12.129238,9
ラブトロス(9),-17.111347,-4.6727257,9
ブリムオン(9),26.29831,-21.200346,9
フリーザー(9),24.057539,8.902154,9
イダイナキバ(9),16.39905,20.569456,9
ソウブレイズ(9),-25.731102,32.984844,9
ニンフィア(9),0.6176322,27.088976,9
ゲッコウガ(9),2.223262,5.6537957,9
ポットデス(9),-19.653955,-20.151302,9
イッカネズミ(9),11.177925,-22.77003,9
テツノイバラ(9),11.915342,13.337459,9
ハリーマン(9),24.627607,-18.655935,9
ヤドキング(9),2.8076146,-1.4478322,9
カマスジョー(9),0.29031786,16.926418,9
レイスポス(9),-0.5204191,-6.908581,9
ハギギシリ(9),5.903496,27.02654,9
チルタリス(9),31.13124,-2.4452877,9
エムリット(9),-4.32009,1.0990494,9
ブラッキー(9),-0.7688293,-31.665268,9
リーフィア(9),23.996952,-8.899893,9
オーロンゲ(9),31.029758,-4.0937223,9
エーフィ(9),6.2911415,-15.071138,9
テツノコウベ(9),-1.8414278,-24.670671,9
トリトドン(9),-5.738862,-26.947887,9
バサギリ(9),-33.64523,-13.908956,9
レジドラゴ(9),8.27962,-6.7887564,9
バンギラス(9),11.87623,-12.233305,9
ウインディ(9),-2.4861724,-15.241721,9
ミカルゲ(9),-1.2731366,7.6442423,9
ドレディア(9),31.260237,-7.653385,9
ウェーニバル(9),1.9202249,7.5995913,9
コータス(9),17.14638,31.040234,9
バクフーン(9),5.207509,0.07020691,9
ルカリオ(9),25.025713,11.956682,9
ユクシー(9),4.4057927,-8.376185,9
ダイケンキ(9),0.4175258,0.4806767,9
メタモン(9),-7.4221764,-5.781913,9
ジュナイパー(9),17.296919,-6.8728075,9
ファイアロー(9),2.0421846,0.41974276,9
ボーマンダ(9),19.015862,13.058161,9
カイリュー(10),-39.254944,6.450116,10
ハバタクカミ(10),-26.054657,-12.16904,10
ウーラオス(10),-25.532816,4.278734,10
オーガポン(10),-39.03755,-9.398873,10
パオジアン(10),-26.708862,13.473083,10
サーフゴー(10),-37.22858,-8.165465,10
テツノツツミ(10),36.10881,-20.668667,10
イーユイ(10),-23.165022,2.0860717,10
ランドロス(10),-25.13186,-8.050185,10
ガブリアス(10),20.411602,-31.766935,10
キョジオーン(10),-15.982,33.945812,10
ディンルー(10),-14.106866,2.8345816,10
イダイトウ(10),33.757336,-20.145468,10
ヘイラッシャ(10),-25.204323,17.89498,10
ゴリランダー(10),-29.9946,-2.3493624,10
ドヒドイデ(10),-38.44573,16.867218,10
ロトム(10),12.354893,-39.54232,10
ミミッキュ(10),-29.009333,-0.10734666,10
ハッサム(10),-23.718273,-33.884132,10
ヒードラン(10),-22.803608,1.807478,10
コノヨザル(10),0.34173083,-39.702427,10
ジバコイル(10),2.3331575,36.763515,10
ガチグマ(10),-17.795654,5.979869,10
チオンジェン(10),-3.0606585,30.977322,10
トドロクツキ(10),9.942026,8.667762,10
カバルドン(10),23.794212,23.83424,10
キラフロル(10),9.183422,28.472633,10
キノガッサ(10),-26.145319,-9.968573,10
ドドゲザン(10),8.7622,-30.974028,10
ヌメルゴン(10),-3.700866,9.8212,10
ドオー(10),-13.867762,22.493673,10
サンダー(10),9.506565,-5.8683915,10
ラッキー(10),-31.197609,23.492311,10
クレベース(10),-6.852749,30.740517,10
アーマーガア(10),-25.471357,-18.91799,10
テツノカイナ(10),2.8311043,-5.2970376,10
テツノドクガ(10),8.920746,0.15393084,10
セグレイブ(10),36.864155,-19.943905,10
ハピナス(10),-28.916155,7.550848,10
ドラパルト(10),-4.795809,21.837475,10
テツノブジン(10),-22.934294,-9.508583,10
サケブシッポ(10),-8.666617,-23.16259,10
レイスポス(10),29.82325,-1.8880376,10
オオニューラ(10),-27.626198,26.567463,10
バサギリ(10),35.618732,-18.864912,10
イダイナキバ(10),14.829559,-29.220425,10
クレセリア(10),-23.60234,-7.264904,10
ママンボウ(10),-9.1557665,4.905277,10
ボルトロス(10),-11.029898,-8.5556755,10
キチキギス(10),-3.4630144,-10.458046,10
モロバレル(10),-32.652683,-23.26696,10
イルカマン(10),7.3455777,20.143257,10
ウインディ(10),-3.42519,-15.476736,10
ゾロアーク(10),-20.696426,-33.12646,10
デカヌチャン(10),-16.718983,-3.4740283,10
テツノワダチ(10),-18.10125,1.5128529,10
マリルリ(10),39.28058,2.9083357,10
ブラッキー(10),-1.0925102,-31.309196,10
テツノコウベ(10),-27.598074,-9.136415,10
シャワーズ(10),15.828369,21.490522,10
ラウドボーン(10),-17.4441,14.758653,10
ウルガモス(10),-15.96755,-24.517233,10
ヤドラン(10),-1.8018596,3.7076592,10
フォレトス(10),4.9395294,17.369644,10
ギャラドス(10),28.545053,-14.147034,10
ケンタロス(10),21.266367,-15.426402,10
サザンドラ(10),-17.035004,-10.418749,10
オーロンゲ(10),31.57082,-4.182014,10
バンギラス(10),12.379659,-13.318082,10
イイネイヌ(10),-11.276184,1.2409008,10
ユクシー(10),-9.740277,8.099204,10
マスカーニャ(10),40.40916,-10.343507,10
サーナイト(10),-10.239313,10.484648,10
ブースター(10),-36.452095,-10.207381,10
エーフィ(10),6.2891626,-15.330094,10
サンダース(10),38.253933,11.926879,10
カミッチュ(10),2.540617,4.8229446,10
ニンフィア(10),0.82608,26.481853,10
ラブトロス(10),-5.763981,7.008669,10
ブリザポス(10),15.675985,16.549166,10
ゴチルゼル(10),3.1242826,4.1445527,10
ノココッチ(10),31.588789,-26.093845,10
ペリッパー(10),-14.074783,-15.741795,10
ユキノオー(10),-8.19288,-22.004274,10
インテレオン(10),19.611475,14.301682,10
ヤバソチャ(10),-1.4341067,15.727638,10
ヤドキング(10),25.629658,-0.30761543,10
ブリムオン(10),26.513153,-21.689678,10
ゲッコウガ(10),-10.528486,4.3977094,10
ソウブレイズ(10),-25.5387,33.604343,10
ハリーマン(10),29.99584,-3.3837879,10
グレイシア(10),5.6708655,12.165528,10
コータス(10),16.963593,30.85528,10
ストリンダー(10),-11.429979,-3.1085837,10
メタモン(10),-7.042327,-5.676999,10
パルシェン(10),13.3647375,-2.0030975,10
パーモット(10),31.273447,6.5158257,10
マシマシラ(10),21.963535,16.254553,10
ブリガロン(10),10.936286,-3.694676,10
モスノウ(10),0.5507253,17.020515,10
イッカネズミ(10),11.191515,-21.907122,10
ポットデス(10),-3.0247076,-8.0846615,10
カイリュー(11),-39.366604,6.109958,11
ハバタクカミ(11),-8.429108,31.524666,11
ウーラオス(11),-13.439326,29.827415,11
オーガポン(11),-19.837122,-3.785788,11
ガチグマ(11),-27.542088,18.180397,11
パオジアン(11),-9.206021,29.821552,11
サーフゴー(11),-36.673725,-7.474126,11
イーユイ(11),-20.48994,2.9993975,11
テツノツツミ(11),-8.11523,28.82711,11
ランドロス(11),-37.004223,4.6204624,11
トドロクツキ(11),8.097295,-29.276478,11
キョジオーン(11),-15.527336,33.519352,11
イダイトウ(11),-20.226267,-6.089664,11
ヘイラッシャ(11),-25.941368,18.120295,11
ドヒドイデ(11),-37.838493,16.058722,11
キラフロル(11),9.728913,29.008768,11
ディンルー(11),-6.579542,-28.479223,11
カバルドン(11),23.095455,23.844698,11
コノヨザル(11),-0.042952385,-40.68127,11
ミミッキュ(11),-28.683096,-0.29120263,11
キノガッサ(11),-25.456642,-8.800265,11
ハッサム(11),-22.594955,-32.68597,11
クレセリア(11),1.1016514,25.912048,11
ガブリアス(11),20.107056,-32.266388,11
オオニューラ(11),-9.403742,-16.36393,11
アーマーガア(11),-24.534111,-19.56561,11
テツノドクガ(11),8.739643,-22.259943,11
クレベース(11),-7.3063602,30.706776,11
テツノカイナ(11),-34.962547,-4.8918715,11
サケブシッポ(11),21.591228,-12.929758,11
ヌメルゴン(11),-12.115555,14.95577,11
ロトム(11),12.098414,-38.602272,11
ゴリランダー(11),-34.014683,11.604571,11
キュウコン(11),14.065221,4.218624,11
ハピナス(11),-29.81923,9.017456,11
ジバコイル(11),1.6480162,37.150776,11
チオンジェン(11),-3.4150434,6.4270153,11
グライオン(11),-37.32648,-6.169213,11
ドラパルト(11),-5.135244,20.962147,11
ヒードラン(11),-16.284534,5.79549,11
ジャラランガ(11),-20.711609,25.216257,11
ウルガモス(11),-16.228968,-24.164999,11
テツノブジン(11),-14.64785,2.787793,11
ドドゲザン(11),9.09623,-31.19603,11
イダイナキバ(11),-6.8827953,34.04367,11
モロバレル(11),-33.2586,-23.345724,11
クワガノン(11),-5.6409464,28.3405,11
レイスポス(11),-37.02218,-5.995432,11
セグレイブ(11),36.799023,-19.489546,11
ドータクン(11),30.764679,17.15351,11
ゴウカザル(11),-15.768656,13.7894945,11
サンダー(11),-18.81081,34.741535,11
ドオー(11),-13.031813,22.652498,11
サーナイト(11),-10.564392,10.735194,11
コータス(11),17.599821,31.713562,11
ペリッパー(11),-14.229013,-16.220932,11
ママンボウ(11),-23.8184,-23.052374,11
ヤドキング(11),2.9614053,22.93724,11
デカヌチャン(11),-16.667114,-2.6893249,11
ポットデス(11),-13.596611,10.246678,11
マリルリ(11),39.88038,2.8402278,11
ラウドボーン(11),-17.883955,14.352269,11
フワライド(11),-21.225893,7.722586,11
ラッキー(11),-30.169872,23.577269,11
ピクシー(11),-6.1883674,-3.9911702,11
ギャラドス(11),28.39378,-14.09547,11
ヤバソチャ(11),-10.305962,-3.8757627,11
イルカマン(11),7.1878285,20.085459,11
ストリンダー(11),-13.610747,30.17551,11
ブリムオン(11),26.395866,-21.943932,11
ユクシー(11),0.62731373,22.012884,11
ブラッキー(11),-0.9389554,-31.614796,11
ルカリオ(11),25.319319,12.273285,11
エンペルト(11),-23.308455,16.999771,11
ウインディ(11),-2.5860522,-15.47624,11
メブキジカ(11),26.031498,5.718886,11
ローブシン(11),6.878813,-14.331194,11
カビゴン(11),7.132518,-0.76431656,11
ノココッチ(11),31.596235,-26.110798,11
バクフーン(11),11.159743,9.558101,11
エーフィ(11),6.394164,-15.342866,11
アブリボン(11),26.512188,11.351994,11
シャワーズ(11),15.827895,21.373264,11
クエスパトラ(11),1.6299355,-24.64046,11
ケンタロス(11),21.345285,-15.325203,11
バサギリ(11),10.389317,0.4321429,11
オノノクス(11),-6.0537696,1.8704149,11
モスノウ(11),14.91427,-6.582218,11
グレイシア(11),5.359442,12.174544,11
ゴチルゼル(11),-4.1006393,6.5614295,11
アラブルタケ(11),5.876912,20.60127,11
フラージェス(11),16.145298,-1.373521,11
ボーマンダ(11),19.347658,13.3811865,11
マタドガス(11),-9.879592,8.627185,11
バンギラス(11),11.984828,-11.6942425,11
レジエレキ(11),8.021928,-11.124471,11
ハリーマン(11),0.4471678,-16.816078,11
サザンドラ(11),-16.796026,-10.462153,11
オーロンゲ(11),31.817793,-4.0023303,11
フリーザー(11),9.21927,-1.4880139,11
イッカネズミ(11),11.009067,-22.425888,11
スナノケガワ(11),-3.2043688,22.954626,11
カマスジョー(11),22.271954,19.960169,11
アーボック(11),9.854874,1.6863294,11
ハリーセン(11),8.191997,-4.834477,11
マルマイン(11),-4.955604,-9.963919,11
モルペコ(11),5.120345,-3.5268266,11
ゾロアーク(11),4.863254,-0.7553194,11
ウェーニバル(11),1.906104,7.79393,11
ミロカロス(11),4.1445274,-10.869037,11
ユキノオー(11),-8.070737,-21.851627,11
チリーン(11),8.535703,-9.927978,11
ペルシアン(11),-1.9180521,-18.075466,11
カイリュー(12),-39.028057,6.1319714,12
ハバタクカミ(12),-27.094278,-8.25928,12
ウーラオス(12),-7.8562374,-0.11007809,12
オーガポン(12),40.901535,-8.09938,12
ガチグマ(12),-39.726818,17.930258,12
パオジアン(12),-29.374952,-10.380299,12
サーフゴー(12),-36.792442,-9.043849,12
イーユイ(12),-5.7891865,-17.456697,12
トドロクツキ(12),-30.28453,0.8879984,12
ランドロス(12),-36.77447,5.95763,12
ヘイラッシャ(12),-25.471607,17.328903,12
テツノツツミ(12),-6.1940866,-0.35373995,12
キョジオーン(12),-15.607277,34.376827,12
ドヒドイデ(12),-38.375217,16.358374,12
ディンルー(12),6.7511187,24.70185,12
イダイトウ(12),9.564491,-7.9628835,12
コノヨザル(12),0.42446744,-40.697994,12
キラフロル(12),9.570142,29.305775,12
グライオン(12),-25.60488,5.308191,12
オオニューラ(12),-5.868715,-17.51436,12
テツノドクガ(12),0.57099813,-4.2108088,12
カバルドン(12),23.275248,23.198954,12
キノガッサ(12),-25.935814,-9.765625,12
ハピナス(12),-29.33752,8.948905,12
モロバレル(12),-33.430855,-23.265575,12
テツノカイナ(12),7.6181693,-3.6849728,12
ハッサム(12),-23.676136,-33.27662,12
ミミッキュ(12),-29.017614,-0.5978158,12
サケブシッポ(12),-7.663108,-10.419836,12
ドラパルト(12),-5.8632064,21.519064,12
クレセリア(12),-9.478933,-15.8281,12
キュウコン(12),18.57706,-19.84084,12
ママンボウ(12),-17.060743,31.86305,12
クレベース(12),-6.57874,30.636143,12
アーマーガア(12),-25.25118,-18.60159,12
チオンジェン(12),-12.128536,3.6483195,12
ガブリアス(12),19.979275,-31.612286,12
ゴリランダー(12),-32.014767,-6.4199924,12
マリルリ(12),38.549534,2.431999,12
ドオー(12),-12.757859,22.906298,12
ラッキー(12),-30.429855,23.754726,12
ヌメルゴン(12),-7.171463,-12.493292,12
ラウドボーン(12),-16.949604,14.665633,12
ジバコイル(12),2.3195224,37.588478,12
バンギラス(12),12.691776,-12.9027,12
ロトム(12),12.627169,-38.953804,12
ウルガモス(12),-16.837955,-24.583206,12
ドドゲザン(12),9.116285,-30.29121,12
オーロンゲ(12),31.05147,-4.6738586,12
クエスパトラ(12),1.9835427,-24.493563,12
ボルトロス(12),-11.154178,-14.420202,12
バサギリ(12),-5.843628,-0.7943841,12
クワガノン(12),2.4312546,-17.44145,12
テツノワダチ(12),7.928962,-11.917762,12
イダイナキバ(12),-10.179696,-1.9764172,12
ウインディ(12),-3.1564453,-15.621358,12
キチキギス(12),20.14177,6.831094,12
レジエレキ(12),0.18364918,21.62052,12
ギャラドス(12),28.75182,-14.03469,12
コータス(12),17.010876,31.79215,12
カラミンゴ(12),24.604925,2.7342713,12
ペリッパー(12),-14.11119,-16.033014,12
サンダー(12),-1.35201,-3.4978864,12
ヤドラン(12),-1.637688,3.9339442,12
イッカネズミ(12),11.256313,-22.45055,12
テツノブジン(12),13.550382,-10.865687,12
イイネイヌ(12),-12.018956,-1.2360352,12
テツノコウベ(12),-10.462441,-20.152048,12
エンペルト(12),0.92758036,-3.5849366,12
ゴウカザル(12),20.870316,9.013572,12
ゴチルゼル(12),-13.021859,-23.971626,12
マンムー(12),20.970455,4.8729143,12
ピクシー(12),-14.542537,2.8196976,12
バクフーン(12),-33.800495,-10.375597,12
タギングル(12),11.842702,6.7212443,12
パーモット(12),31.318533,6.058816,12
ヒードラン(12),6.482659,-0.20409185,12
ブリガロン(12),3.5709577,-8.818709,12
ルチャブル(12),-0.9874212,-37.90053,12
エースバーン(12),23.543045,1.4653528,12
ストリンダー(12),26.700775,-2.5196912,12
ニンフィア(12),0.9051403,27.011944,12
チリーン(12),14.424007,3.5603423,12
ウッウ(12),5.8525586,29.244165,12
シビルドン(12),-2.7525666,21.285728,12
クレッフィ(12),-1.2397048,-14.926497,12
ルカリオ(12),24.208017,12.163011,12
ドータクン(12),30.448278,17.114817,12
レイスポス(12),-1.2651244,-1.4244113,12
ドレディア(12),0.74824417,-0.25571746,12
モスノウ(12),-10.319438,-20.20988,12
ミロカロス(12),-0.4402727,-4.3111944,12
ブロロローム(12),15.636683,14.18425,12
ソウブレイズ(12),-25.412691,33.006313,12
イルカマン(12),6.6797485,18.405647,12
マルノーム(12),7.2328787,4.9279375,12
ハリーマン(12),-3.6428866,11.956622,12
ヤドキング(12),25.07207,-25.749691,12
ハリテヤマ(12),3.87618,-0.21258014,12
カイリュー(13),-38.826595,5.476018,13
ハバタクカミ(13),-10.846818,24.020844,13
ウーラオス(13),4.712097,12.679837,13
オーガポン(13),-34.24035,-9.001845,13
パオジアン(13),-24.845463,30.323666,13
サーフゴー(13),-36.811188,-8.505936,13
ガチグマ(13),14.987991,32.518436,13
ランドロス(13),-31.104862,8.443488,13
イーユイ(13),-7.734471,-19.395859,13
テツノツツミ(13),5.0744534,-14.069409,13
トドロクツキ(13),27.867207,-6.0803924,13
キョジオーン(13),-15.465186,33.163136,13
ドヒドイデ(13),-38.024788,17.339184,13
ヘイラッシャ(13),-25.15738,17.565485,13
イダイトウ(13),31.137562,3.90566,13
ディンルー(13),8.812639,12.2790365,13
ハッサム(13),-23.504547,-32.882633,13
テツノカイナ(13),30.296623,-9.318997,13
テツノドクガ(13),0.22047512,-16.454815,13
ハピナス(13),-29.08632,7.8255825,13
キラフロル(13),8.830587,27.730013,13
グライオン(13),1.8213058,9.330799,13
オオニューラ(13),1.9310827,23.227058,13
モロバレル(13),-33.30496,-22.840912,13
コノヨザル(13),0.35801342,-40.20877,13
チオンジェン(13),-1.6589876,6.5915403,13
ジバコイル(13),2.4047406,36.67553,13
サケブシッポ(13),-11.978155,-18.558424,13
クレベース(13),-6.4914756,30.482445,13
ガブリアス(13),19.7724,-31.477901,13
ミミッキュ(13),-28.719898,-0.8488159,13
キノガッサ(13),-25.559547,-9.083319,13
ドラパルト(13),-5.472005,21.96082,13
キュウコン(13),25.940554,9.720474,13
ママンボウ(13),-20.16281,-5.3383427,13
クエスパトラ(13),2.1475172,-24.436462,13
マリルリ(13),38.889874,2.767966,13
コータス(13),16.72025,31.533318,13
ラッキー(13),-29.782978,24.27894,13
ドドゲザン(13),8.481343,-30.094395,13
ヌメルゴン(13),1.5540917,-22.707563,13
ラウドボーン(13),-17.028975,14.278833,13
クレセリア(13),5.4303813,15.655509,13
オーロンゲ(13),32.165894,-4.683582,13
ゴリランダー(13),13.594541,8.996031,13
キチキギス(13),-1.0077738,-11.162265,13
ペリッパー(13),-13.7494755,-16.25728,13
サンダー(13),-2.4152074,-24.631702,13
マスカーニャ(13),40.45538,-10.109969,13
バサギリ(13),23.300488,-3.8186173,13
アーマーガア(13),-25.184538,-19.80522,13
ドオー(13),-13.508333,22.981567,13
カバルドン(13),23.51008,23.218498,13
ラブトロス(13),7.162393,-0.69790566,13
ヒードラン(13),12.506605,11.232376,13
ウルガモス(13),-16.546854,-24.163786,13
ギャラドス(13),28.81298,-13.967213,13
ロトム(13),11.978563,-38.165512,13
マシマシラ(13),-4.883196,9.788626,13
ケンタロス(13),21.539488,-15.39214,13
ハリーセン(13),35.52816,-10.00752,13
ゴウカザル(13),-8.668245,-6.0734034,13
エムリット(13),20.602253,4.0473228,13
イエッサン(13),-8.24721,-32.4896,13
テツノワダチ(13),9.346093,-2.8291092,13
エンペルト(13),13.273422,8.688585,13
ゲッコウガ(13),-12.023646,-6.046973,13
イルカマン(13),6.9939647,20.114662,13
グレイシア(13),5.6119833,12.087077,13
ウッウ(13),4.4183674,5.78232,13
ノコッチ(13),23.264845,-15.100194,13
ハハコモリ(13),19.822117,20.364725,13
モスノウ(13),6.9980726,4.0777745,13
フォレトス(13),-9.918683,18.40834,13
ルンパッパ(13),-1.286948,15.029093,13
フローゼル(13),24.254637,-1.6339419,13
フワライド(13),-21.145006,8.177534,13
シャワーズ(13),15.556502,21.02475,13
ユキノオー(13),-8.145669,-22.041851,13
レジエレキ(13),7.415903,11.012917,13
イイネイヌ(13),-21.473047,9.405679,13
マタドガス(13),4.3944063,3.3515568,13
ジャラランガ(13),31.278868,14.272818,13
アップリュー(13),-12.399478,12.712773,13
アチゲータ(13),19.47689,-29.772402,13
ボルトロス(13),10.543014,-16.912529,13
パーモット(13),30.942297,5.899507,13
イダイナキバ(13),0.89762264,-9.85745,13
タイカイデン(13),-10.752834,4.477533,13
ニョロボン(13),16.313803,29.79798,13
ブラッキー(13),-0.2695522,-31.473053,13
モトトカゲ(13),14.874157,-17.84296,13
ゴチルゼル(13),13.719204,5.337986,13
ボーマンダ(13),19.420141,13.238603,13
バンギラス(13),12.243852,-11.76708,13
ドレディア(13),7.9528866,-6.8642797,13
ストリンダー(13),29.6463,-5.305475,13
オニゴーリ(13),13.290333,12.2655,13
デカヌチャン(13),-16.193121,-3.1785305,13
リーフィア(13),23.748865,-8.871826,13
カミッチュ(13),11.395185,6.62973,13
ファイヤー(13),14.955212,10.21404,13
ミロカロス(13),3.7044506,-20.297003,13
ルカリオ(13),24.70122,12.532847,13
ニョロトノ(13),-3.8297105,-22.016478,13
カビゴン(13),16.400742,28.020607,13
バクフーン(13),2.7784717,-3.41101,13
ブリムオン(13),26.364435,-21.331856,13
イッカネズミ(13),11.531655,-22.515873,13
シャンデラ(13),24.286816,16.877241,13
ブリガロン(13),22.692968,11.968902,13
ニンフィア(13),0.7172593,27.140831,13
ハバタクカミ(14),-37.618626,12.568405,14
カイリュー(14),-39.16596,6.2750893,14
ウーラオス(14),-30.662085,21.011938,14
オーガポン(14),-37.831223,-4.5605283,14
ガチグマ(14),-29.504585,10.384954,14
パオジアン(14),-32.17068,22.687975,14
ブリジュラス(14),-30.692076,9.612485,14
サーフゴー(14),-37.293232,-8.717536,14
ランドロス(14),-36.51797,9.71093,14
イーユイ(14),-19.440441,22.82046,14
タケルライコ(14),-5.585952,32.0063,14
ディンルー(14),-33.37513,11.608178,14
ドヒドイデ(14),-38.471867,15.393616,14
ハッサム(14),-23.758621,-33.754826,14
トドロクツキ(14),-32.67448,6.42343,14
イダイトウ(14),-34.089447,-1.0625079,14
アシレーヌ(14),-16.97363,19.103214,14
キョジオーン(14),-16.654057,34.256744,14
ラティオス(14),-21.021868,24.469322,14
ウガツホムラ(14),-37.541203,-9.796486,14
テツノカシラ(14),-30.825449,22.096582,14
オオニューラ(14),5.783308,18.34502,14
ミミッキュ(14),-29.587088,0.013316764,14
コノヨザル(14),-0.012654597,-40.33366,14
ポリゴン２(14),23.744024,-21.076065,14
テツノツツミ(14),19.017338,25.018595,14
テツノドクガ(14),-5.5679264,15.829302,14
グライオン(14),-36.70041,9.500032,14
カバルドン(14),22.880512,24.111847,14
ヘイラッシャ(14),-26.324223,17.362253,14
テツノカイナ(14),-28.137451,23.325642,14
ラティアス(14),-31.33309,-5.8805466,14
エンテイ(14),-37.270977,14.668815,14
イエッサン(14),-8.442121,-33.25651,14
キノガッサ(14),-26.225504,-10.574893,14
アーマーガア(14),-25.103323,-19.448965,14
ペリッパー(14),-13.732876,-16.110456,14
ハピナス(14),-30.187904,9.618869,14
ドオー(14),-12.560905,22.51428,14
ドリュウズ(14),-32.465466,10.696702,14
ヒードラン(14),-36.77707,9.345118,14
スイクン(14),16.677422,9.941708,14
キュウコン(14),11.176669,-2.7281563,14
クレベース(14),-7.2584105,31.287106,14
ジャローダ(14),7.3759413,21.54049,14
ガオガエン(14),-14.508677,9.823444,14
ゴリランダー(14),-1.2878816,-1.1548228,14
キラフロル(14),9.918969,28.892778,14
コータス(14),17.045721,32.112263,14
ヌメルゴン(14),-12.347166,17.360243,14
モロバレル(14),-33.48837,-23.56611,14
カミツオロチ(14),-33.34982,11.577286,14
ママンボウ(14),-20.454742,-0.069093704,14
テツノワダチ(14),-19.690914,22.773619,14
クレセリア(14),3.4816716,-8.874665,14
ドドゲザン(14),8.543192,-31.075113,14
サンダー(14),-18.863575,6.1902933,14
ガブリアス(14),19.913538,-32.31193,14
バシャーモ(14),-24.530993,20.449461,14
ラグラージ(14),-18.08303,10.026348,14
ラウドボーン(14),-18.27378,14.618941,14
エアームド(14),-29.336699,11.1014185,14
チオンジェン(14),-31.18068,7.0589533,14
キチキギス(14),-21.575577,-4.9823966,14
ドラパルト(14),-5.9462795,21.366016,14
イルカマン(14),7.2343597,20.412397,14
サケブシッポ(14),-36.097446,15.479218,14
ウネルミナモ(14),9.9650135,-38.852478,14
ラッキー(14),-30.84192,23.108152,14
ヤドキング(14),-38.34634,-6.7985296,14
ゴチルゼル(14),-1.0489149,0.28720385,14
ジバコイル(14),2.4751189,37.109703,14
デカヌチャン(14),-16.143583,-2.3551574,14
ポットデス(14),-24.380133,8.467131,14
レジエレキ(14),-2.599082,1.0227313,14
ソウブレイズ(14),-25.867151,33.27732,14
ウインディ(14),-2.8304307,-14.773853,14
オーロンゲ(14),30.7279,-4.4773455,14
パーモット(14),31.842348,6.486723,14
ハリーマン(14),12.914427,8.797978,14
イダイナキバ(14),-8.837018,14.994084,14
バクフーン(14),-15.32246,-0.53801364,14
イイネイヌ(14),17.830069,13.809498,14
マスカーニャ(14),40.07743,-10.246735,14
バンギラス(14),12.056254,-13.069981,14
ストリンダー(14),27.319588,-12.618825,14
ゴウカザル(14),9.508803,14.142716,14
ブラッキー(14),-0.66193706,-31.628504,14
コバルオン(14),-25.340607,13.432756,14
テツノブジン(14),6.610821,-19.61396,14
ロトム(14),11.8639,-38.612434,14
ニョロトノ(14),0.8745307,6.9891686,14
アーボック(14),10.338933,-1.9806985,14
グレイシア(14),5.779049,11.952612,14
キレイハナ(14),0.8307691,-1.5937268,14
カラミンゴ(14),24.427568,2.6742272,14
フライゴン(14),-12.253219,3.473896,14
ゾロアーク(14),17.564926,11.398371,14
エルレイド(14),37.879745,1.4856676,14
ボルトロス(14),6.8472204,-4.029862,14
イッカネズミ(14),11.371845,-21.994312,14
ファイヤー(14),1.1188929,-5.993708,14
ドーブル(14),31.254732,8.554403,14
モトトカゲ(14),14.879485,-17.894156,14
サダイジャ(14),2.510762,-14.285114,14
サーナイト(14),-10.557752,10.7792425,14
エルフーン(14),4.7993355,-5.600454,14
ブリムオン(14),26.502247,-21.215895,14
ランターン(14),18.919771,-4.5260124,14
ダグトリオ(14),-11.43417,-26.582563,14
ピクシー(14),-12.554123,6.487484,14
フリーザー(14),18.807589,9.767389,14
ジャラランガ(14),3.7892618,33.178764,14
ジュカイン(14),-7.0017066,-9.664426,14
カビゴン(14),-29.134565,5.44561,14
アラブルタケ(14),15.418671,-16.11009,14
テツノコウベ(14),6.838375,12.873638,14
マルマイン(14),4.548939,17.208107,14
シザリガー(14),16.34353,11.592581,14
セグレイブ(14),36.90214,-19.245478,14
オニシズクモ(14),9.437599,16.75364,14
チルタリス(14),12.8978,2.906728,14
リーフィア(14),23.991623,-8.828237,14
ピカチュウ(14),-1.266716,-19.666277,14
デデンネ(14),-13.738291,-8.13791,14
ケンタロス(14),20.642805,-15.324796,14
マリルリ(14),39.31593,2.0789042,14
ミミズズ(14),-13.30477,-39.26448,14
ウェーニバル(14),1.4423386,7.6839576,14
ドータクン(14),30.891705,17.230833,14
レイスポス(14),35.184254,1.7832713,14
クエスパトラ(14),1.6934958,-23.934256,14
ルカリオ(14),24.340544,12.082989,14
ハバタクカミ(15),-23.672737,-14.188903,15
カイリュー(15),-38.400463,5.470962,15
オーガポン(15),-26.48437,-17.276052,15
ウーラオス(15),-20.436695,-5.3823457,15
ガチグマ(15),-9.830518,-22.195105,15
ブリジュラス(15),-22.514359,-15.303801,15
パオジアン(15),-27.341011,-11.527449,15
サーフゴー(15),-37.044754,-8.632827,15
イーユイ(15),-28.754839,-2.4986885,15
ランドロス(15),-16.852623,10.355261,15
イダイトウ(15),-15.760574,15.602604,15
タケルライコ(15),-19.597828,-4.5718417,15
トドロクツキ(15),-15.044897,21.45557,15
ディンルー(15),-7.78626,17.406853,15
ラティオス(15),-38.25873,2.8702884,15
キョジオーン(15),-15.836526,34.43136,15
アシレーヌ(15),-9.578138,11.92382,15
コノヨザル(15),0.24189615,-40.871567,15
キュウコン(15),-17.281954,19.060513,15
ラティアス(15),-35.59004,-9.47347,15
アーマーガア(15),-24.815472,-18.857403,15
グライオン(15),-24.322706,15.629439,15
テツノツツミ(15),-5.544868,15.800097,15
ゴリランダー(15),12.577666,0.8409402,15
ハッサム(15),-23.711996,-33.20934,15
ヘイラッシャ(15),-25.10001,17.3677,15
ポリゴン２(15),-15.044458,-20.228142,15
ミミッキュ(15),-28.942974,-0.02342898,15
テツノカシラ(15),-27.98358,-12.246405,15
キラフロル(15),9.2319975,29.121475,15
オオニューラ(15),-23.243797,5.402285,15
ドヒドイデ(15),-38.676975,17.234058,15
ドオー(15),-13.482429,22.445278,15
ママンボウ(15),-27.132538,23.939299,15
ウガツホムラ(15),-16.646156,12.609673,15
カバルドン(15),23.225616,24.12669,15
ジャローダ(15),10.048128,-36.302544,15
キノガッサ(15),-26.19393,-10.438045,15
ペリッパー(15),-13.425949,-15.761121,15
ハピナス(15),-28.730036,8.6282015,15
クレベース(15),-7.0443745,30.641865,15
ドリュウズ(15),-19.872047,-14.545202,15
サケブシッポ(15),-5.041579,-8.162413,15
ラウドボーン(15),-17.645416,15.051316,15
エンテイ(15),10.854984,-30.775154,15
モロバレル(15),-33.49208,-22.984219,15
ルカリオ(15),24.609095,12.363363,15
クレセリア(15),-24.340744,-8.371611,15
エルフーン(15),-14.876253,-11.999524,15
バンギラス(15),12.362825,-12.626406,15
ウルガモス(15),-16.663162,-24.760872,15
デカヌチャン(15),-16.79135,-2.78654,15
サンダー(15),-14.169365,-22.28784,15
チオンジェン(15),16.986,-5.9827967,15
オーロンゲ(15),31.46751,-4.6266556,15
クエスパトラ(15),1.4654584,-24.650246,15
イエッサン(15),-8.295771,-33.111645,15
テツノカイナ(15),4.538528,-7.846589,15
ブラッキー(15),-0.75460094,-31.00307,15
コータス(15),16.989748,31.897974,15
ガブリアス(15),20.015106,-32.02497,15
ドラパルト(15),-5.1371655,21.942432,15
カミツオロチ(15),-3.48452,-4.7808022,15
アラブルタケ(15),-11.466859,-5.821739,15
ヒードラン(15),4.9327807,-0.9257808,15
ドドゲザン(15),9.448435,-30.786474,15
ドーブル(15),-9.993016,18.441996,15
テツノワダチ(15),7.1691637,18.395542,15
ゴウカザル(15),-25.462606,-17.437347,15
ヌメルゴン(15),11.853937,19.548473,15
テツノドクガ(15),24.551476,14.141578,15
ラッキー(15),-30.867167,24.174322,15
ガオガエン(15),-10.064834,-1.7702289,15
オニシズクモ(15),-5.0665946,-1.5213922,15
マリルリ(15),38.92919,2.9695408,15
イイネイヌ(15),-9.450047,-10.046445,15
フォレトス(15),18.998878,-7.597062,15
ドータクン(15),30.08042,17.016624,15
レイスポス(15),20.440245,-23.307074,15
ゴチルゼル(15),7.1043224,0.14169733,15
ジバコイル(15),2.3282905,36.779278,15
チリーン(15),3.9929128,24.0383,15
ウネルミナモ(15),15.673508,16.94977,15
バシャーモ(15),5.7883883,10.551579,15
ジャラランガ(15),7.811042,26.929329,15
ドククラゲ(15),5.3606167,-6.1008244,15
オンバーン(15),-3.4808593,-1.8466852,15
リククラゲ(15),-13.31333,6.049691,15
サンドパン(15),-5.988482,-11.411316,15
マフォクシー(15),-26.009098,-7.4263616,15
イルカマン(15),7.020605,19.78485,15
レジエレキ(15),0.642052,-1.8280941,15
ドクロッグ(15),-4.375608,29.074728,15
テツノブジン(15),12.117616,5.045471,15
イダイナキバ(15),14.696782,-7.0973845,15
ニョロトノ(15),1.4991969,15.818561,15
ニョロボン(15),-17.098888,10.197607,15
ビビヨン(15),28.20441,-2.8878312,15
アブリボン(15),-22.350086,19.638092,15
チルタリス(15),6.2255006,-19.651173,15
エアームド(15),-3.653793,6.3704634,15
フライゴン(15),6.8925467,-4.132604,15
テツノイワオ(15),27.757053,15.935156,15
マシマシラ(15),12.021049,15.847244,15
ムクホーク(15),1.2842212,-19.031782,15
キチキギス(15),25.26324,-25.264097,15
ヤドラン(15),-1.5811633,3.601262,15
ヤドキング(15),10.578506,9.221674,15
ナッシー(15),25.533752,-5.8306947,15
ウインディ(15),-2.725502,-15.680108,15
マスカーニャ(15),39.756115,-10.328819,15
オノノクス(15),-5.904437,1.8692575,15
クワガノン(15),13.624615,14.37039,15
エルレイド(15),7.0846863,6.160344,15
ライコウ(15),8.863432,10.331435,15
ロトム(15),12.28852,-38.70713,15
テツノイサハ(15),-4.445685,8.953215,15
スイクン(15),18.793238,-4.9982867,15
スコヴィラン(15),2.2056546,12.516437,15
ユクシー(15),18.33525,5.396469,15
カビゴン(15),5.7398696,8.233609,15
イッカネズミ(15),11.421218,-22.682663,15
ラグラージ(15),19.14289,-7.8462186,15
ハヤシガメ(15),8.787862,19.227636,15
アノホラグサ(15),8.646155,5.281203,15
ストリンダー(15),6.203782,5.3552995,15
ゾロアーク(15),-5.916629,11.794375,15
グレンアルマ(15),18.536005,-24.882965,15
カラミンゴ(15),24.540424,2.673492,15
パーモット(15),31.185715,5.9763227,15
ソウブレイズ(15),-25.349571,33.42339,15
ブリガロン(15),20.592802,3.8783398,15
ボーマンダ(15),19.229446,13.142188,15
ハバタクカミ(16),-25.459053,10.67457,16
カイリュー(16),-39.137825,5.837194,16
ウーラオス(16),-17.827751,-2.3716066,16
オーガポン(16),-7.923746,-14.727613,16
パオジアン(16),-8.062298,3.3719056,16
ブリジュラス(16),-17.499195,-7.988508,16
ガチグマ(16),-14.294422,9.494629,16
ランドロス(16),-36.55324,16.022692,16
サーフゴー(16),-37.142365,-7.82177,16
イーユイ(16),-15.717757,18.131727,16
イダイトウ(16),-20.611801,12.9532995,16
アシレーヌ(16),-18.635365,11.025044,16
タケルライコ(16),-11.978831,1.7080513,16
ラティオス(16),-26.541367,21.119976,16
オオニューラ(16),-35.92012,2.841523,16
ディンルー(16),-20.532923,-30.625425,16
グライオン(16),-25.160551,10.789435,16
トドロクツキ(16),-25.945847,-14.209057,16
ヘイラッシャ(16),-26.352837,17.741081,16
ドヒドイデ(16),-38.16501,16.846876,16
キラフロル(16),9.431934,28.023602,16
ウガツホムラ(16),-5.8394723,-2.94282,16
ハッサム(16),-22.769217,-33.34158,16
ミミッキュ(16),-29.211502,-0.029006105,16
ラティアス(16),-7.829308,-12.710703,16
ママンボウ(16),12.168408,-7.6122293,16
テツノカイナ(16),-0.9977622,7.601507,16
キョジオーン(16),-16.193123,33.860252,16
キュウコン(16),11.251563,-0.5138633,16
コータス(16),17.270472,32.11409,16
クレセリア(16),-18.760862,11.4414835,16
テツノカシラ(16),8.484921,-0.7650114,16
テツノツツミ(16),-13.099915,18.268719,16
コノヨザル(16),0.86112976,-40.460354,16
アーマーガア(16),-25.363733,-18.927853,16
ハピナス(16),-29.847343,8.650708,16
ポリゴン２(16),6.38094,14.3211775,16
ドリュウズ(16),-14.389705,9.180054,16
チオンジェン(16),9.358984,16.863432,16
イエッサン(16),-8.566493,-32.625343,16
クレベース(16),-6.652562,30.823545,16
ゴリランダー(16),-6.787473,27.584631,16
モロバレル(16),-33.532383,-22.865845,16
ラウドボーン(16),-17.718555,14.904451,16
カバルドン(16),23.027315,23.76796,16
イダイナキバ(16),-4.2783546,-6.448206,16
エルフーン(16),-14.007685,31.305937,16
キノガッサ(16),-25.545803,-9.226945,16
テツノドクガ(16),14.145504,-37.73624,16
ジャローダ(16),-16.866468,-22.648184,16
ドラパルト(16),-5.597705,21.985786,16
ドオー(16),-13.05498,22.56699,16
ペリッパー(16),-14.2355795,-16.18187,16
ヒードラン(16),-20.675201,25.306242,16
ウネルミナモ(16),1.1917076,17.01553,16
バシャーモ(16),-4.5080028,14.287542,16
ブラッキー(16),-0.943762,-31.255806,16
ドドゲザン(16),9.085246,-30.907005,16
ピクシー(16),-17.789177,30.983372,16
エンテイ(16),-15.575513,-5.8358064,16
ガブリアス(16),19.840555,-31.842318,16
ウルガモス(16),-16.466877,-24.732265,16
クエスパトラ(16),1.3516021,-24.395655,16
テツノワダチ(16),-0.6726353,11.369202,16
ソウブレイズ(16),-25.63194,33.06883,16
エルレイド(16),24.468485,22.262386,16
オーロンゲ(16),31.218184,-4.323846,16
ガオガエン(16),35.8192,1.8282075,16
デカヌチャン(16),-16.778725,-2.8689365,16
ラッキー(16),-30.163376,24.255896,16
ファイヤー(16),4.1381073,3.4059412,16
エーフィ(16),6.097354,-15.653963,16
ゴチルゼル(16),-8.266101,15.439465,16
サザンドラ(16),-16.753502,-10.451019,16
ドレディア(16),4.0796757,24.705854,16
マシマシラ(16),4.93182,-3.4635916,16
ボルトロス(16),16.176023,4.9682884,16
エンペルト(16),12.571243,-7.2125626,16
キングドラ(16),4.0118337,36.30565,16
キュワワー(16),4.59577,-8.9274845,16
クレッフィ(16),15.628467,4.6149225,16
スナノケガワ(16),17.836475,-15.039716,16
イルカマン(16),7.4727206,19.983746,16
ニョロトノ(16),9.871554,14.527767,16
オノノクス(16),-6.0882096,1.8289062,16
サケブシッポ(16),22.995657,4.8579116,16
ルカリオ(16),25.2453,11.809116,16
ヌメルゴン(16),13.210684,7.4846034,16
ドーブル(16),3.4799304,15.822011,16
カミツオロチ(16),8.111589,-17.149355,16
サンダー(16),35.625935,1.8445565,16
ルガルガン(16),18.307547,5.4712915,16
マタドガス(16),-4.917385,29.303988,16
ウインディ(16),-2.5193636,-15.3663,16
メガヤンマ(16),6.7509193,4.8621,16
ポットデス(16),5.724453,-8.028309,16
リーフィア(16),24.005262,-8.858042,16
マルマイン(16),37.24374,-16.696938,16
フワライド(16),-21.33064,8.344415,16
エアームド(16),16.84334,-6.2430897,16
バサギリ(16),30.083723,15.978676,16
ゾロアーク(16),-16.181332,5.7454824,16
ジバコイル(16),2.5769258,37.432373,16
カジリガメ(16),16.367231,8.686031,16
ギャラドス(16),28.217089,-14.064849,16
アラブルタケ(16),25.141787,-25.579918,16
イッカネズミ(16),11.724494,-22.09459,16
テツノブジン(16),11.780204,4.998269,16
カラミンゴ(16),24.607483,2.7677717,16
グレンアルマ(16),18.527021,-24.939636,16
マスカーニャ(16),39.76321,-10.134965,16
コバルオン(16),-0.553329,-6.658955,16
ムウマージ(16),6.561764,24.608837,16
ケンタロス(16),20.986565,-14.833149,16
ポリゴンＺ(16),3.1141937,-9.498457,16
レジエレキ(16),21.853436,3.471386,16
サーナイト(16),-10.48454,10.777822,16
ボーマンダ(16),19.223673,13.114383,16
セグレイブ(16),37.168903,-18.758625,16
ハバタクカミ(17),-22.507742,-17.429974,17
カイリュー(17),-38.395523,5.321176,17
ウーラオス(17),4.1071343,-18.574717,17
パオジアン(17),-13.735185,-5.0275426,17
オーガポン(17),-18.363276,-25.110638,17
ガチグマ(17),10.932576,19.992823,17
ブリジュラス(17),-14.934413,-25.33879,17
ランドロス(17),-17.330921,33.445637,17
イーユイ(17),-8.624484,-30.985554,17
タケルライコ(17),-16.983366,-11.939423,17
サーフゴー(17),-36.546516,-8.641315,17
アシレーヌ(17),-19.729952,-17.269154,17
イダイトウ(17),-19.086508,-22.74752,17
トドロクツキ(17),0.955845,9.212665,17
ハッサム(17),-23.527067,-33.471226,17
ラティオス(17),5.609527,13.423295,17
オオニューラ(17),-16.858791,-21.228458,17
ヘイラッシャ(17),-25.65413,17.48475,17
ディンルー(17),-2.2650583,5.6063023,17
キョジオーン(17),-15.011275,34.17579,17
テツノツツミ(17),-0.029915366,5.131786,17
コータス(17),17.038744,31.625187,17
ラティアス(17),-3.329289,10.652202,17
ドヒドイデ(17),-38.34179,17.245651,17
コノヨザル(17),0.62628555,-40.37555,17
グライオン(17),18.54068,29.444033,17
ミミッキュ(17),-29.179785,-0.9656176,17
ウガツホムラ(17),32.93381,3.4056451,17
キュウコン(17),9.869175,5.215308,17
ママンボウ(17),19.095243,17.28397,17
アーマーガア(17),-24.754034,-18.987608,17
キラフロル(17),9.300196,28.782862,17
モロバレル(17),-32.660233,-23.299343,17
ペリッパー(17),-13.93939,-15.869487,17
ハピナス(17),-29.436058,8.603255,17
クレベース(17),-6.821671,30.103384,17
ゴリランダー(17),16.62099,8.413172,17
ウルガモス(17),-15.915891,-24.879795,17
テツノドクガ(17),19.95829,-11.921851,17
クレセリア(17),15.913759,3.0999792,17
チオンジェン(17),-4.570335,26.983664,17
エルフーン(17),18.128057,7.0254674,17
テツノカシラ(17),-3.4122648,-1.8137996,17
ウネルミナモ(17),-35.806076,-6.627238,17
ドオー(17),-13.348466,23.378256,17
カバルドン(17),22.868525,23.448568,17
ドドゲザン(17),9.056232,-30.720026,17
ガブリアス(17),19.38952,-32.04396,17
キノガッサ(17),-25.865507,-9.586121,17
クエスパトラ(17),1.931042,-24.257309,17
テツノワダチ(17),-23.370405,5.2467804,17
ドレディア(17),-19.382269,-17.204327,17
イエッサン(17),-8.215166,-32.998936,17
テツノカイナ(17),-4.223157,0.8801414,17
オーロンゲ(17),31.758255,-4.4737277,17
ブリムオン(17),26.744627,-21.640314,17
カミツオロチ(17),-8.0278845,-2.7493768,17
ポリゴン２(17),28.05479,6.229097,17
ドーブル(17),1.725495,-1.6280035,17
ブラッキー(17),-0.6012133,-31.643286,17
イダイナキバ(17),-16.074003,2.9401042,17
ヒードラン(17),2.8454437,-22.990791,17
ドリュウズ(17),-2.7743406,-5.8535733,17
ラッキー(17),-30.28272,23.752975,17
ドラパルト(17),-5.2794952,21.426336,17
ゾロアーク(17),-14.295118,24.126732,17
マリルリ(17),39.450367,3.2709749,17
オニシズクモ(17),-6.888966,1.9061902,17
サケブシッポ(17),4.161264,-18.58547,17
ベトベトン(17),-1.1844759,-10.704864,17
ニンフィア(17),0.8894189,26.944372,17
カビゴン(17),-0.31784424,-8.340379,17
ルカリオ(17),24.156225,12.024817,17
キュワワー(17),34.586765,-5.5326195,17
リーフィア(17),24.00985,-8.896127,17
リザードン(17),-6.8787313,12.251892,17
ケンタロス(17),20.876688,-15.612954,17
イイネイヌ(17),-1.6779954,9.8123865,17
バチンウニ(17),-16.088812,-26.890514,17
ルチャブル(17),12.937811,3.063378,17
ニャオニクス(17),19.33419,-15.937572,17
コバルオン(17),25.303427,7.3594074,17
ゴチルゼル(17),25.92325,14.209952,17
キチキギス(17),13.510951,16.533993,17
マシマシラ(17),7.95991,-11.532461,17
ソウブレイズ(17),-25.176195,33.07872,17
サンダー(17),-5.172914,-1.4512968,17
ヌメルゴン(17),-7.1101213,8.97964,17
ドータクン(17),30.422668,16.953316,17
チヲハウハネ(17),-14.785935,-23.105562,17
オノノクス(17),-5.9990406,1.859638,17
グレイシア(17),5.756951,12.074815,17
スイクン(17),16.806063,-9.077492,17
ラグラージ(17),15.62294,14.104885,17
モルペコ(17),13.117381,-4.259175,17
ビビヨン(17),10.423201,0.35106674,17
サザンドラ(17),-17.060654,-10.539817,17
ライコウ(17),11.042225,2.843753,17
ジャローダ(17),-0.58459395,11.546776,17
ムウマージ(17),8.438724,-4.9098682,17
タギングル(17),-3.3110774,-10.345239,17
ラウドボーン(17),-16.983393,14.644513,17
テツノコウベ(17),19.304504,-2.0429835,17
フライゴン(17),10.104464,-2.6218982,17
ウインディ(17),-2.5433502,-14.813644,17
モスノウ(17),25.786589,-0.7997254,17
ガオガエン(17),-9.643817,2.1518998,17
エルレイド(17),4.894126,-5.3190985,17
カイリュー(18),-38.420174,5.6977158,18
パオジアン(18),-11.254251,22.55484,18
ガチグマ(18),-22.638136,-11.527678,18
ウーラオス(18),-31.288929,25.813583,18
ハバタクカミ(18),-13.047565,-12.457259,18
バドレックス(18),-10.349715,4.0829864,18
ディンルー(18),-23.429081,-2.6977615,18
ヘイラッシャ(18),-25.86093,17.338984,18
ミライドン(18),-23.813202,-16.976517,18
ハッサム(18),-22.776464,-33.076878,18
キラフロル(18),9.14883,29.338125,18
オーガポン(18),-25.250017,13.424474,18
ランドロス(18),-11.579316,-10.462952,18
ブリジュラス(18),-20.837809,12.847607,18
ゴリランダー(18),-18.73234,-14.522152,18
オオニューラ(18),1.8755333,2.2684112,18
ミミッキュ(18),-29.7495,-0.2542179,18
イーユイ(18),-17.73254,-14.5413,18
グライオン(18),-23.603899,-0.59251684,18
コライドン(18),-23.676825,18.484331,18
ザシアン(18),-8.197479,-1.8762989,18
カバルドン(18),23.832056,23.889812,18
ドオー(18),-13.05526,23.144098,18
テラパゴス(18),-20.379835,17.04994,18
メタモン(18),-7.1967025,-5.7707562,18
ママンボウ(18),26.120207,22.604467,18
テツノツツミ(18),2.436731,-11.45512,18
アーマーガア(18),-24.624708,-19.657425,18
ホウオウ(18),-23.703766,-3.3082342,18
キョジオーン(18),-15.292195,34.140526,18
ルナアーラ(18),-8.276514,-2.2306757,18
ゴチルゼル(18),10.347715,-28.757109,18
チオンジェン(18),0.18528786,-15.852119,18
ベトベトン(18),-7.2170525,13.841112,18
テツノワダチ(18),-7.9969997,6.1588182,18
クレベース(18),-7.160554,30.17519,18
カイオーガ(18),-8.494723,10.595315,18
ムゲンダイナ(18),-23.358747,-2.6172972,18
オーロンゲ(18),31.048237,-3.6738555,18
ドヒドイデ(18),-37.594627,17.289307,18
ラウドボーン(18),-17.059652,14.048104,18
イダイトウ(18),39.59292,0.6389894,18
アシレーヌ(18),-1.2897888,-9.158956,18
ガオガエン(18),10.953554,27.41549,18
ブリムオン(18),27.066698,-21.663408,18
ラッキー(18),-30.78906,23.4808,18
ヌメルゴン(18),-3.537013,-5.8509207,18
ヒードラン(18),-4.2118692,9.552547,18
イエッサン(18),-7.9657087,-32.92314,18
グレンアルマ(18),18.413315,-24.916475,18
トリトドン(18),-5.7469745,-26.95479,18
テツノカイナ(18),-4.8270516,3.3345737,18
キノガッサ(18),-26.088274,-9.543732,18
バンギラス(18),12.044064,-12.827032,18
ソウブレイズ(18),-25.617987,32.999966,18
サーフゴー(18),-36.297626,-8.562815,18
テツノドクガ(18),1.5027962,-37.8567,18
ラティアス(18),-1.2552911,18.3242,18
ウネルミナモ(18),-22.855545,-19.861317,18
エアームド(18),-6.198189,-15.289331,18
ハピナス(18),-29.47681,8.840923,18
トドロクツキ(18),-6.3462825,17.43541,18
バシャーモ(18),0.60969174,-4.6193604,18
ヤドラン(18),-1.3972204,3.750453,18
イダイナキバ(18),5.2391987,-26.407629,18
ネクロズマ(18),25.60024,-22.29503,18
ロトム(18),12.544722,-38.722748,18
ドリュウズ(18),-4.1716247,22.114359,18
ラティオス(18),-22.441175,-11.583479,18
ルギア(18),-11.865359,-5.8531966,18
クレセリア(18),-21.680637,-8.79277,18
テツノブジン(18),-10.056294,-6.1996098,18
ウガツホムラ(18),-11.340684,9.423438,18
オリーヴァ(18),-20.562967,-0.5871238,18
フワライド(18),-20.857237,8.063792,18
ダグトリオ(18),-11.393275,-26.59634,18
ジャローダ(18),9.249911,5.301571,18
ルカリオ(18),24.535648,11.586036,18
マンムー(18),0.5206274,-25.94485,18
エルフーン(18),-4.7943454,19.556217,18
ギラティナ(18),-11.214537,0.5216995,18
ドータクン(18),30.724474,17.383623,18
サーナイト(18),-10.570808,10.812612,18
マリルリ(18),39.243633,3.148412,18
タギングル(18),9.939971,22.9508,18
ドレディア(18),-32.869522,-8.422057,18
グラードン(18),-4.9182124,-10.169675,18
キュウコン(18),6.4609904,17.455551,18
キチキギス(18),-26.378876,0.31234372,18
ザマゼンタ(18),16.565392,5.713358,18
ドラパルト(18),-5.164987,21.406612,18
サケブシッポ(18),5.84357,-12.503578,18
サンダー(18),1.299851,-9.188634,18
デカヌチャン(18),-16.080673,-3.2017791,18
ウルガモス(18),-15.660644,-23.282696,18
イルカマン(18),7.4503503,19.247782,18
メレシー(18),2.9123976,-5.4941177,18
ムウマージ(18),-12.785986,-37.722794,18
マフォクシー(18),9.89808,-23.69137,18
シャンデラ(18),13.253146,7.1439166,18
ドーブル(18),23.513979,5.9002976,18
ドデカバシ(18),25.607763,-5.963501,18
ブラッキー(18),-0.6135949,-31.465645,18
リーフィア(18),24.124853,-8.903184,18
ハリーマン(18),-7.168901,-8.488964,18
ディアルガ(18),22.36097,8.978226,18
キュレム(18),7.5234346,-6.621616,18
レジエレキ(18),2.7931721,-1.5257182,18
ポリゴン２(18),14.982983,-7.511891,18
テツノコウベ(18),22.392529,-5.8566356,18
マスカーニャ(18),39.819313,-10.503879,18
カマスジョー(18),7.848606,17.199394,18
ランターン(18),4.6125445,-1.7540195,18
アノホラグサ(18),26.28259,17.239285,18
メテノ(18),-9.578445,2.2313023,18
ボーマンダ(18),19.226486,13.1549425,18
エルレイド(18),11.441668,-10.978342,18
テツノカシラ(18),16.495188,-4.3985662,18
フライゴン(18),26.297224,-4.2474236,18
サンダース(18),38.23857,11.869377,18
リキキリン(18),17.552582,1.8308235,18
ウェーニバル(18),2.113558,7.8290515,18
ラプラス(18),9.691036,5.188321,18
ラグラージ(18),-1.1077588,14.377179,18
タケルライコ(18),-2.3484087,-12.3376255,18
エンペルト(18),5.966871,2.2183764,18
メガニウム(18),13.9249735,-10.848839,18
クエスパトラ(18),1.4811722,-24.137844,18
ウッウ(18),5.946953,-13.1136,18
ピクシー(18),19.349766,17.797312,18
クレッフィ(18),18.449066,1.9710373,18
ポリゴンＺ(18),-13.647786,-4.87846,18
ミュウツー(18),18.867577,-4.2794504,18
ミミズズ(18),-13.339852,-39.046284,18
モロバレル(18),-32.278088,-22.98761,18
エンテイ(18),17.960642,-3.3002796,18
ガケガニ(18),14.67808,1.3169816,18
ペルシアン(18),-33.49505,-14.243953,18
カビゴン(18),8.655313,25.84887,18
カイリュー(19),-38.386414,5.2318096,19
パオジアン(19),-20.011774,-14.560061,19
ハバタクカミ(19),-3.5403836,2.7741547,19
ウーラオス(19),10.380408,-14.233109,19
ガチグマ(19),-1.7233361,36.298286,19
バドレックス(19),-7.584446,-16.779278,19
ディンルー(19),-28.8993,24.87563,19
ヘイラッシャ(19),-25.401566,17.898483,19
ミライドン(19),10.09828,-12.06251,19
オオニューラ(19),0.7636377,-12.767829,19
キラフロル(19),9.511976,28.637915,19
オーガポン(19),-20.591154,3.2796392,19
ランドロス(19),1.3301945,19.78244,19
ハッサム(19),-23.664152,-33.022987,19
イーユイ(19),14.0632515,-12.381922,19
ミミッキュ(19),-29.521526,-0.69136244,19
コライドン(19),-40.35872,2.4067857,19
グライオン(19),-27.487217,9.762382,19
テツノワダチ(19),9.216614,-1.4600756,19
ザシアン(19),-22.73487,19.374044,19
メタモン(19),-7.221919,-5.5688877,19
ドオー(19),-12.721798,23.112692,19
アーマーガア(19),-24.811525,-19.150085,19
ルナアーラ(19),3.8606493,18.599083,19
ムゲンダイナ(19),-18.857464,0.7942378,19
ブリジュラス(19),5.144812,4.2071624,19
テラパゴス(19),-2.8070068,13.297609,19
ゴリランダー(19),10.654954,-11.73286,19
オーロンゲ(19),31.500824,-4.136049,19
カバルドン(19),23.228825,23.599533,19
キョジオーン(19),-15.820641,33.66252,19
ラウドボーン(19),-17.15859,14.409534,19
ママンボウ(19),-35.65714,18.733168,19
テツノカイナ(19),2.9566374,15.322402,19
ベトベトン(19),-13.927168,-2.504722,19
ガオガエン(19),8.641584,3.2677488,19
アシレーヌ(19),9.758355,12.822621,19
ラッキー(19),-30.72268,24.641489,19
クレベース(19),-5.9480314,29.568834,19
キノガッサ(19),-25.662481,-9.204737,19
ホウオウ(19),15.670858,7.429925,19
サーフゴー(19),-36.28758,-8.967133,19
ルギア(19),17.839792,-9.772429,19
ネクロズマ(19),7.527853,28.321566,19
ウネルミナモ(19),15.443024,1.917959,19
エアームド(19),30.983036,-6.144986,19
ロトム(19),12.440403,-38.373154,19
ヌメルゴン(19),5.381532,-23.370428,19
イダイトウ(19),5.936991,16.173656,19
ゴチルゼル(19),31.151283,14.558339,19
テツノツツミ(19),10.873534,8.962118,19
ドヒドイデ(19),-37.791317,17.062551,19
エルフーン(19),28.975767,-3.699671,19
ヒードラン(19),2.025243,-20.784857,19
タギングル(19),9.389582,3.5415475,19
カイオーガ(19),13.04675,-4.441219,19
クレセリア(19),9.873572,-7.938718,19
ドリュウズ(19),-5.8086705,-2.6422865,19
バンギラス(19),12.279702,-13.035232,19
ヤドラン(19),-1.6973039,3.9954078,19
テツノカシラ(19),-13.674841,0.92652375,19
ドータクン(19),30.833988,17.221224,19
タケルライコ(19),-2.7150626,-4.2038975,19
フシギバナ(19),21.71895,8.168952,19
マリルリ(19),39.203575,3.2489042,19
チオンジェン(19),15.316252,1.5761933,19
サイドン(19),-19.461056,8.030895,19
イエッサン(19),-8.190818,-32.85741,19
エンテイ(19),-3.349686,2.8663528,19
マンムー(19),-1.8847921,-16.495565,19
セグレイブ(19),36.806034,-19.301609,19
マタドガス(19),-6.0626245,12.737106,19
テツノブジン(19),-4.11528,11.800053,19
キュレム(19),2.671197,18.101866,19
キュウコン(19),19.954765,7.332686,19
ラティアス(19),15.408068,-16.230745,19
サケブシッポ(19),25.568592,7.353067,19
マシマシラ(19),21.320587,5.4174585,19
ハリーマン(19),-1.3388261,-29.89327,19
ウガツホムラ(19),16.38662,-8.989397,19
エルレイド(19),13.877911,4.299449,19
ダーテング(19),10.604947,14.769221,19
ポットデス(19),20.180803,-9.426619,19
モロバレル(19),-32.892998,-23.28059,19
ジバコイル(19),2.6665685,37.331913,19
ギラティナ(19),4.5297027,1.6124946,19
ファイヤー(19),16.315193,5.117256,19
バクフーン(19),0.65732396,24.636023,19
クエスパトラ(19),1.9971825,-24.09537,19
ブリムオン(19),26.658442,-21.443445,19
レックウザ(19),-6.9147763,-32.507633,19
レジエレキ(19),-6.1431236,-3.9891038,19
オリーヴァ(19),15.179431,7.390142,19
マスカーニャ(19),39.613743,-10.045419,19
レシラム(19),2.5824318,2.5920749,19
テツノイサハ(19),9.927696,11.380683,19
ヤドキング(19),-3.3416922,11.716022,19
ユクシー(19),3.7645745,12.365846,19
バルジーナ(19),25.669226,0.33008364,19
アラブルタケ(19),3.1127656,15.512089,19
シビルドン(19),-3.5861504,-4.4026794,19
カビゴン(19),-8.321288,25.844112,19
ペリッパー(19),-13.929742,-16.061714,19
グラードン(19),-10.3023205,-32.284683,19
コノヨザル(19),0.67151624,-39.963406,19
エーフィ(19),6.155176,-15.549766,19
ハピナス(19),-28.685738,7.9183946,19
ピクシー(19),23.74736,21.191654,19
エムリット(19),22.48521,-2.1312475,19
トドロクツキ(19),17.580954,15.842015,19
ミミズズ(19),-13.400077,-39.320953,19
モスノウ(19),8.043028,18.215956,19
ザマゼンタ(19),5.3008447,8.619462,19
ゲンガー(19),20.510036,-0.41358098,19
ラティオス(19),4.3183017,-11.472833,19
ラブトロス(19),16.187014,11.673587,19
グレンアルマ(19),18.427181,-24.900173,19
パオジアン(20),29.279615,-6.919812,20
ウーラオス(20),18.146544,7.0546923,20
ハバタクカミ(20),12.685604,-4.7787914,20
カイリュー(20),-38.242374,4.848822,20
バドレックス(20),24.011261,-21.137493,20
オーガポン(20),2.5570836,-14.195003,20
ガチグマ(20),-4.9240828,-20.586437,20
グライオン(20),3.9355757,6.883397,20
ヘイラッシャ(20),-24.52496,17.533695,20
ランドロス(20),15.34812,13.49091,20
ディンルー(20),3.9958663,-5.5143113,20
ミライドン(20),12.659166,0.60950005,20
コライドン(20),24.83432,23.095554,20
オオニューラ(20),-13.841607,-0.94700253,20
ドオー(20),-13.045801,23.176094,20
ミミッキュ(20),-29.315413,-0.69653046,20
オーロンゲ(20),31.645811,-4.782239,20
ハッサム(20),-23.296633,-32.887596,20
テツノワダチ(20),1.9755013,-39.502483,20
イーユイ(20),4.2762785,6.45227,20
キョジオーン(20),-15.273392,33.56661,20
ママンボウ(20),14.137841,11.101718,20
ムゲンダイナ(20),2.0844233,-3.3698063,20
ゴリランダー(20),5.3944,-23.396711,20
ラウドボーン(20),-17.130322,14.558481,20
ルナアーラ(20),0.44795588,3.949567,20
ザシアン(20),-1.0442871,-1.743461,20
キラフロル(20),9.830517,28.52658,20
ブリジュラス(20),20.954765,9.576226,20
メタモン(20),-7.164449,-5.7781076,20
カイオーガ(20),-6.24571,2.9847865,20
ラッキー(20),-30.29569,24.309725,20
カバルドン(20),23.307486,23.930288,20
キノガッサ(20),-25.403082,-9.609508,20
ベトベトン(20),-10.778513,-11.483805,20
ルギア(20),8.981914,-28.051352,20
アシレーヌ(20),5.372346,19.480421,20
ガオガエン(20),-4.899392,-20.518309,20
アーマーガア(20),-24.164074,-19.611116,20
クレベース(20),-6.186816,29.861773,20
ドドゲザン(20),9.333306,-30.434248,20
ラティオス(20),6.645996,11.421259,20
テラパゴス(20),28.12416,9.621755,20
ゴチルゼル(20),23.009617,10.752329,20
テツノツツミ(20),11.424209,16.977968,20
ヒードラン(20),19.977001,8.799296,20
マタドガス(20),10.71781,9.140088,20
ハリーマン(20),5.8371525,-12.172313,20
ホウオウ(20),12.023059,-36.165882,20
アラブルタケ(20),13.998169,-17.280542,20
ウネルミナモ(20),10.96648,19.166857,20
ネクロズマ(20),12.804818,0.44918743,20
テツノカイナ(20),-6.9230714,4.077256,20
イダイトウ(20),7.7518563,9.2540245,20
ドータクン(20),30.737152,17.25394,20
ゾロアーク(20),-7.944971,6.3497896,20
ドリュウズ(20),5.6943665,-20.4383,20
バンギラス(20),12.254697,-12.523714,20
ジャローダ(20),0.23946853,21.600216,20
イダイナキバ(20),17.429867,-1.1797748,20
ロトム(20),12.052562,-39.026707,20
デカヌチャン(20),-16.368126,-2.8538368,20
テツノブジン(20),-12.226005,19.017004,20
パルシェン(20),13.322553,-2.1724281,20
ウインディ(20),-3.023442,-15.113691,20
エアームド(20),11.172155,17.120953,20
エルフーン(20),20.647905,22.72428,20
パーモット(20),31.14557,6.0609193,20
トドロクツキ(20),9.419069,-10.428405,20
ギャラドス(20),28.567997,-13.737091,20
マリルリ(20),39.33877,2.6366253,20
オリーヴァ(20),4.2792954,24.838657,20
チオンジェン(20),-7.734751,-20.451591,20
ヌメルゴン(20),6.613936,3.6049328,20
ガブリアス(20),19.885939,-31.272533,20
マンムー(20),-3.7389922,20.287786,20
ケンタロス(20),21.250978,-14.978258,20
ヤドラン(20),-1.3169781,3.938682,20
テツノカシラ(20),30.193008,-0.071459435,20
スナノケガワ(20),6.0107427,1.9281317,20
エレキブル(20),18.436743,-15.001708,20
シャンデラ(20),-2.3651779,-0.7760199,20
マスカーニャ(20),40.084045,-10.498209,20
グレンアルマ(20),18.518105,-24.92061,20
ブリムオン(20),26.881338,-21.408075,20
ドヒドイデ(20),-37.779068,17.309696,20
タケルライコ(20),3.457141,3.3146744,20
クレッフィ(20),-3.721688,-3.1735022,20
チャーレム(20),29.878395,-2.373942,20
シャワーズ(20),15.84712,21.374887,20
ポリゴンＺ(20),30.38776,4.8739295,20
ブラッキー(20),-0.6736203,-30.73364,20
エーフィ(20),6.169205,-15.583587,20
ハピナス(20),-29.021885,7.9401984,20
キュレム(20),10.279233,-2.442067,20
ギラティナ(20),9.01908,-4.909832,20
ルカリオ(20),24.608002,11.849756,20
テツノイサハ(20),6.0446525,-10.501221,20
キュウコン(20),12.223503,22.712233,20
サーフゴー(20),-35.433575,-8.60851,20
フシギバナ(20),11.87665,-19.084568,20
イッカネズミ(20),11.527544,-22.73952,20
ピクシー(20),-7.3290606,7.675252,20
メブキジカ(20),29.620667,6.493095,20
モルペコ(20),12.751477,-6.921897,20
サケブシッポ(20),-9.489593,-10.115341,20
キチキギス(20),-1.3353435,-9.273152,20
ラティアス(20),8.4127245,6.852794,20
バシャーモ(20),10.502407,11.337619,20
サンダー(20),-10.27345,15.915043,20
モロバレル(20),-32.89998,-22.565092,20
クレセリア(20),9.57367,-4.9211307,20
ゴウカザル(20),28.751013,11.130573,20
イエッサン(20),-7.931877,-32.639732,20
ウルガモス(20),-16.068598,-24.100746,20
ダグトリオ(20),-11.416662,-26.59085,20
ストライク(20),32.097427,0.8848743,20
ハリーセン(20),4.462536,-8.701815,20
ミュウツー(20),7.129881,-9.14169,20
ファイヤー(20),-2.8418086,8.252269,20
パオジアン(21),6.958923,1.6579968,21
ハバタクカミ(21),32.709236,-1.9728922,21
カイリュー(21),-38.305737,4.9510207,21
ウーラオス(21),5.1090417,-26.387857,21
バドレックス(21),-23.437204,-30.8668,21
ガチグマ(21),8.1129875,-27.322845,21
オーガポン(21),-1.3154647,18.61067,21
ランドロス(21),-15.347877,32.080128,21
ディンルー(21),19.44139,17.88911,21
ミライドン(21),11.5149355,4.979602,21
ヘイラッシャ(21),-24.7506,17.410555,21
ミミッキュ(21),-28.966072,-1.4950941,21
グライオン(21),-1.9168059,16.677723,21
ハッサム(21),-23.722616,-33.00705,21
イーユイ(21),-12.569428,25.477757,21
オオニューラ(21),33.25232,-7.2216887,21
ブリジュラス(21),17.324123,2.8537817,21
ドオー(21),-13.520138,22.935259,21
コライドン(21),-0.89883035,26.001598,21
キョジオーン(21),-15.645349,33.99689,21
ラウドボーン(21),-16.244034,13.950635,21
テツノワダチ(21),12.05278,10.8428,21
オーロンゲ(21),31.565207,-4.6386666,21
ムゲンダイナ(21),-0.6490683,13.4941,21
ママンボウ(21),20.700533,-17.084139,21
カイオーガ(21),-4.1961584,-4.5929613,21
メタモン(21),-7.1827226,-5.75266,21
ゴリランダー(21),11.556712,-20.428171,21
アーマーガア(21),-24.653574,-19.82983,21
キラフロル(21),9.045177,28.708366,21
テラパゴス(21),3.2734036,25.29496,21
キノガッサ(21),-25.46607,-9.699215,21
ザシアン(21),-9.28198,-8.01763,21
テツノカイナ(21),-2.0598338,-13.847088,21
ホウオウ(21),-9.22295,14.083457,21
アシレーヌ(21),28.523224,9.258311,21
ネクロズマ(21),22.985884,13.649178,21
ウネルミナモ(21),-1.3047404,18.55434,21
カバルドン(21),23.597858,22.594948,21
ルナアーラ(21),5.805857,8.156751,21
イダイトウ(21),17.374344,19.502594,21
テツノブジン(21),-14.493405,-3.4412,21
イダイナキバ(21),-2.4358451,-10.017446,21
ヌメルゴン(21),-9.916571,15.834348,21
クレベース(21),-6.304544,30.128956,21
マリルリ(21),39.312824,2.4448917,21
チオンジェン(21),9.106598,-8.20553,21
バンギラス(21),12.125259,-12.476134,21
トドロクツキ(21),15.675809,-24.55774,21
ゴチルゼル(21),9.975056,1.5893867,21
ルギア(21),-16.823652,-0.23323314,21
エルフーン(21),-29.173042,4.446285,21
ラティオス(21),13.530675,-36.009064,21
テツノツツミ(21),3.0196824,22.784899,21
ベトベトン(21),27.552813,-9.447687,21
マタドガス(21),13.689467,-10.156068,21
ラグラージ(21),-3.317999,-0.03579531,21
キュレム(21),6.099797,-19.83074,21
イエッサン(21),-7.81004,-32.64502,21
グラードン(21),12.229683,-28.961184,21
テツノカシラ(21),-23.39875,8.308753,21
アラブルタケ(21),13.062796,-21.540274,21
サケブシッポ(21),24.102798,9.084959,21
ウガツホムラ(21),3.0639257,0.37753773,21
テツノドクガ(21),-12.957032,-8.344239,21
ヒードラン(21),-3.3991196,30.861807,21
ドレディア(21),14.161158,-7.7072153,21
ガオガエン(21),24.833578,6.7865825,21
ドドゲザン(21),8.358613,-30.895788,21
サーフゴー(21),-35.81096,-8.447782,21
タケルライコ(21),7.6971006,8.534586,21
ドータクン(21),30.734325,17.284971,21
カビゴン(21),7.665517,1.698324,21
セグレイブ(21),36.99408,-19.663221,21
ソウブレイズ(21),-25.252527,33.447056,21
レジエレキ(21),-5.2699723,24.55646,21
ドヒドイデ(21),-37.8318,17.609406,21
ラッキー(21),-29.663765,24.099424,21
ムクホーク(21),26.726635,12.816469,21
ユキノオー(21),-8.049614,-21.662472,21
コバルオン(21),10.836049,6.848155,21
バシャーモ(21),7.941918,1.9232991,21
マルマイン(21),13.373603,7.0096345,21
ディアルガ(21),-18.59306,-9.813773,21
バサギリ(21),21.663843,6.2191706,21
スナノケガワ(21),22.020546,-1.326655,21
ギャラドス(21),28.31456,-13.731478,21
エアームド(21),15.04486,-5.7156725,21
グレイシア(21),5.496547,11.901798,21
レックウザ(21),15.173147,-4.1601243,21
ハハコモリ(21),23.518764,5.860745,21
エーフィ(21),5.8331337,-15.129828,21
シャワーズ(21),15.868678,21.34841,21
ハピナス(21),-29.499315,7.7954593,21
パーモット(21),30.424791,5.7887697,21
ケンタロス(21),20.981985,-15.051267,21
ヤドラン(21),-1.5160415,3.7805014,21
ラプラス(21),13.722816,21.660917,21
イッカネズミ(21),11.473919,-22.90693,21
ウェーニバル(21),1.6591185,7.729223,21
レシラム(21),5.7826004,-10.136932,21
レジドラゴ(21),-3.8695135,-22.093092,21
ポリゴン２(21),18.570545,1.985074,21
ハリーマン(21),28.735529,-4.6702137,21
ピクシー(21),-20.642033,-0.4840244,21
イルカマン(21),7.0712595,19.829433,21
ウルガモス(21),-15.845054,-23.895851,21
マイナン(21),14.141566,-0.44846162,21
アグノム(21),20.35792,3.925296,21
テツノイサハ(21),11.0398035,-3.857747,21
テツノコウベ(21),10.91882,-16.741146,21
ブリムオン(21),26.259203,-21.518894,21
ヤドキング(21),28.742395,13.951715,21
ネッコアラ(21),-9.589687,7.525639,21
ルカリオ(21),24.854097,12.021358,21
ポットデス(21),14.960247,25.898018,21
ダイケンキ(21),-0.04531427,21.149044,21
ブリジュラス(22),-27.1222,15.860334,22
カイリュー(22),-38.896175,5.30695,22
ガチグマ(22),-25.829077,-14.843138,22
サーフゴー(22),-36.334766,-8.546339,22
ミミッキュ(22),-29.959646,-0.6044666,22
マスカーニャ(22),40.588894,-10.025677,22
アシレーヌ(22),21.316628,22.405025,22
ガブリアス(22),19.426456,-32.17076,22
グライオン(22),-11.85714,21.202305,22
ヘイラッシャ(22),-25.531769,18.05337,22
オオニューラ(22),-3.5515063,-24.715265,22
アーマーガア(22),-24.809593,-18.45842,22
ウルガモス(22),-16.461424,-24.816092,22
ラウドボーン(22),-17.441856,14.5460005,22
キュウコン(22),-4.888849,-14.666433,22
セグレイブ(22),37.334393,-19.60483,22
ドラパルト(22),-5.9507685,21.821209,22
イダイトウ(22),-18.333986,-6.8413305,22
コノヨザル(22),-0.13155924,-40.545338,22
サザンドラ(22),-17.150852,-10.477256,22
クエスパトラ(22),1.798383,-23.700129,22
ハピナス(22),-29.198235,8.243702,22
ママンボウ(22),-10.745534,-11.46483,22
ドドゲザン(22),8.688866,-30.538168,22
ハッサム(22),-23.291885,-33.815895,22
キノガッサ(22),-26.128155,-9.128933,22
イエッサン(22),-8.343376,-32.25153,22
ドオー(22),-12.579935,22.42768,22
ポリゴン２(22),-1.699321,13.991971,22
キョジオーン(22),-15.295047,34.405125,22
ドヒドイデ(22),-37.280396,16.292717,22
バンギラス(22),12.81105,-12.588613,22
ジャローダ(22),-15.166836,-20.85705,22
ケンタロス(22),20.985798,-15.33574,22
エルレイド(22),-6.7077827,-12.345033,22
ペリッパー(22),-13.941979,-15.841729,22
ソウブレイズ(22),-25.46476,33.536526,22
カバルドン(22),22.511425,23.086332,22
キラフロル(22),8.633053,28.056108,22
ヌメルゴン(22),2.0819528,3.4320605,22
ピクシー(22),-12.923123,20.862787,22
パーモット(22),31.07833,6.331592,22
マタドガス(22),0.7563624,-4.7677217,22
ミミズズ(22),-13.722895,-39.664738,22
バクフーン(22),25.082169,3.7012942,22
エアームド(22),-31.705557,-6.232128,22
デカヌチャン(22),-15.948742,-2.5126486,22
イルカマン(22),7.328445,20.590603,22
エースバーン(22),27.542475,-9.478376,22
ドーブル(22),-9.113215,0.4851044,22
ウェーニバル(22),2.1044788,7.8081875,22
ニョロトノ(22),-29.827852,-21.606188,22
ヤドキング(22),4.108014,20.033588,22
ドリュウズ(22),17.449003,0.49452788,22
ブリムオン(22),26.644989,-21.8604,22
ラッキー(22),-30.734465,24.156021,22
グレンアルマ(22),18.488686,-24.895287,22
ブラッキー(22),-0.44062746,-31.279596,22
オノノクス(22),-5.836109,1.78639,22
ハリーマン(22),6.130843,36.48157,22
ロトム(22),11.936351,-39.293148,22
ラグラージ(22),-14.19771,14.854646,22
ウインディ(22),-2.9311655,-15.041869,22
モロバレル(22),-32.625454,-22.95319,22
ダイケンキ(22),8.605349,3.4622054,22
カラミンゴ(22),24.647844,2.8480413,22
ゲンガー(22),20.433073,-0.42945296,22
マフォクシー(22),0.71162415,36.07354,22
ゴチルゼル(22),-25.66118,-15.360054,22
マンムー(22),3.6021461,-7.6646523,22
マリルリ(22),39.0927,2.4391782,22
フワライド(22),-21.28134,8.1022835,22
シャンデラ(22),-2.8531806,1.3349663,22
ジャラランガ(22),38.382244,-9.250714,22
ゴリランダー(22),-0.6193337,-21.58657,22
バシャーモ(22),25.996462,7.256569,22
ルカリオ(22),24.50165,11.65517,22
オーロンゲ(22),30.108044,-3.7972817,22
マホイップ(22),26.011932,-1.9827254,22
サンダース(22),38.212177,11.83714,22
クワガノン(22),21.920244,8.977898,22
ヤドラン(22),-1.7493527,3.8953712,22
ミロカロス(22),12.692507,28.887156,22
オンバーン(22),26.704105,0.02822531,22
マルマイン(22),-13.886765,34.647343,22
ゲッコウガ(22),2.006713,-11.704674,22
バルジーナ(22),1.3704404,-6.968678,22
カビゴン(22),0.6649265,-29.404875,22
イッカネズミ(22),10.665819,-22.339855,22
キレイハナ(22),15.684894,16.773264,22
ジバコイル(22),1.78407,36.959167,22
モスノウ(22),1.9799523,-21.148203,22
ポットデス(22),15.289405,-7.840938,22
ゾロアーク(22),-7.010242,-7.6494374,22
エーフィ(22),5.9775777,-14.630509,22
ポリゴンＺ(22),5.7095227,-5.2721925,22
フライゴン(22),-6.1225266,-17.76737,22
ギャラドス(22),29.179401,-14.039475,22
カミツオロチ(22),-10.386766,21.029768,22
バルビート(22),20.205057,-12.172726,22
ジュナイパー(22),2.4791515,0.5106715,22
ガオガエン(22),8.642597,7.006088,22
リーフィア(22),24.095327,-8.902125,22
コータス(22),17.43584,31.887682,22
ナッシー(22),0.9044813,-13.094698,22
ドータクン(22),30.720366,17.617096,22
エンニュート(22),8.964824,11.199506,22
ベトベトン(22),6.8142686,5.098038,22
パルシェン(22),13.417834,-2.2013555,22
クレベース(22),-6.736881,29.733452,22
ルチャブル(22),23.36804,0.32561624,22
ストリンダー(22),5.583185,-6.113469,22
マニューラ(22),-0.75983626,-21.356749,22
ラプラス(22),15.815318,-6.612859,22
モトトカゲ(22),14.789872,-17.904535,22
ユキノオー(22),-8.21007,-21.854942,22
